city,AQI,质量等级
海南省三亚市,11.271429,一级
海南省儋州市,14.435164,一级
海南省海口市,11.661666,一级
广东省湛江市,27.930357,一级
云南省西双版纳傣族自治州,40.255383,一级
广西壮族自治区防城港市,30.998003,一级
广西壮族自治区北海市,34.725510,一级
广东省茂名市,48.534504,一级
广西壮族自治区崇左市,42.868130,一级
广西壮族自治区钦州市,36.914806,一级
广西壮族自治区玉林市,63.449780,二级
广东省阳江市,48.016876,一级
广东省江门市,51.844044,二级
广东省珠海市,36.306122,一级
云南省普洱市,41.690964,一级
广西壮族自治区南宁市,50.593891,二级
云南省红河哈尼族彝族自治州,54.250359,二级
广东省中山市,52.839375,二级
广东省云浮市,64.622345,二级
云南省文山壮族苗族自治州,69.963493,二级
广西壮族自治区梧州市,77.607697,二级
广西壮族自治区百色市,74.017166,二级
广西壮族自治区贵港市,73.738319,二级
广东省深圳市,50.837223,二级
广东省肇庆市,73.178986,二级
广东省佛山市,72.797501,二级
广东省广州市,66.888397,二级
广东省东莞市,57.590279,二级
广东省惠州市,52.331017,二级
广东省汕尾市,48.682465,一级
云南省临沧市,35.925663,一级
广西壮族自治区来宾市,75.762093,二级
云南省玉溪市,49.688526,一级
广东省揭阳市,56.211906,二级
广西壮族自治区河池市,83.294846,二级
广东省清远市,89.483681,二级
广东省河源市,54.119408,二级
广东省汕头市,44.796825,一级
广西壮族自治区贺州市,105.839706,三级
广东省梅州市,50.463928,二级
广西壮族自治区柳州市,104.679916,三级
广东省潮州市,36.588234,一级
云南省德宏傣族景颇族自治州,42.541691,一级
云南省保山市,41.162418,一级
云南省楚雄彝族自治州,49.936398,一级
广东省韶关市,77.024719,二级
福建省漳州市,29.461910,一级
云南省曲靖市,64.405106,二级
云南省昆明市,53.245361,二级
广西壮族自治区桂林市,129.412811,三级
贵州省黔西南布依族苗族自治州,74.717110,二级
云南省大理白族自治州,48.229866,一级
湖南省永州市,142.154633,三级
江西省赣州市,69.182938,二级
贵州省黔南布依族苗族自治州,73.715446,二级
福建省龙岩市,39.561295,一级
湖南省郴州市,140.468307,三级
福建省厦门市,31.083334,一级
福建省泉州市,22.127989,一级
贵州省六盘水市,83.728806,二级
贵州省安顺市,66.353119,二级
贵州省黔东南苗族侗族自治州,113.273315,三级
云南省怒江傈僳族自治州,39.366192,一级
福建省莆田市,21.044119,一级
湖南省怀化市,118.985222,三级
云南省丽江市,47.029053,一级
四川省凉山彝族自治州,46.971012,一级
湖南省邵阳市,126.591759,三级
四川省攀枝花市,57.552570,二级
贵州省贵阳市,78.369118,二级
福建省三明市,36.044819,一级
福建省福州市,22.958462,一级
贵州省毕节市,88.418854,二级
湖南省衡阳市,104.510078,三级
湖南省株洲市,101.991821,三级
江西省吉安市,93.078964,二级
云南省昭通市,84.507690,二级
云南省迪庆藏族自治州,27.927864,一级
江西省抚州市,60.920288,二级
福建省南平市,40.828079,一级
福建省宁德市,27.006754,一级
贵州省遵义市,91.852234,二级
贵州省铜仁市,120.007904,三级
江西省萍乡市,108.123611,三级
西藏自治区山南市,19.015600,一级
湖南省娄底市,99.392281,二级
湖南省湘潭市,83.939674,二级
四川省泸州市,75.859589,二级
湖南省湘西土家族苗族自治州,105.045609,三级
四川省宜宾市,79.241081,二级
江西省宜春市,83.372879,二级
江西省新余市,80.916969,二级
西藏自治区林芝市,15.558237,一级
四川省甘孜藏族自治州,8.947381,一级
湖南省益阳市,90.857574,二级
湖南省长沙市,89.202454,二级
浙江省温州市,39.233707,一级
西藏自治区日喀则市,7.902208,一级
浙江省丽水市,45.760372,一级
四川省乐山市,52.931252,二级
江西省鹰潭市,64.885841,二级
湖南省常德市,82.202599,二级
江西省上饶市,80.122864,二级
西藏自治区昌都市,4.822401,一级
湖南省岳阳市,83.174072,二级
江西省南昌市,74.140625,二级
四川省雅安市,37.936607,一级
四川省自贡市,62.121872,二级
湖南省张家界市,85.455185,二级
浙江省衢州市,71.449997,二级
江西省九江市,92.916756,二级
浙江省台州市,40.479790,一级
四川省内江市,53.342857,二级
湖北省恩施土家族苗族自治州,81.861450,二级
四川省眉山市,56.190182,二级
湖北省咸宁市,85.028694,二级
江西省景德镇市,88.417618,二级
浙江省金华市,57.835052,二级
四川省资阳市,49.472488,一级
湖北省荆州市,84.104927,二级
湖北省黄石市,98.302505,二级
浙江省杭州市,83.785934,二级
西藏自治区拉萨市,7.652835,一级
四川省成都市,64.114609,二级
四川省广安市,45.011822,一级
湖北省宜昌市,81.823776,二级
四川省遂宁市,52.749458,二级
湖北省黄冈市,100.282356,三级
安徽省池州市,113.957054,三级
安徽省黄山市,100.304070,三级
浙江省宁波市,31.426485,一级
四川省达州市,75.108856,二级
湖北省武汉市,86.402267,二级
安徽省安庆市,106.663818,三级
浙江省绍兴市,59.582138,二级
四川省南充市,78.318970,二级
湖北省鄂州市,98.632141,二级
四川省阿坝藏族羌族自治州,13.375293,一级
四川省德阳市,73.825447,二级
湖北省荆门市,91.334137,二级
四川省绵阳市,78.925842,二级
湖北省孝感市,94.078056,二级
安徽省宣城市,94.679092,二级
西藏自治区那曲市,2.762692,一级
浙江省舟山市,16.117144,一级
西藏自治区阿里地区,2.994909,一级
四川省巴中市,89.210854,二级
安徽省铜陵市,112.268333,三级
浙江省湖州市,90.414284,二级
浙江省嘉兴市,59.690002,二级
湖北省襄阳市,110.564995,三级
安徽省芜湖市,114.101425,三级
四川省广元市,97.717201,二级
安徽省六安市,113.184364,三级
安徽省合肥市,108.872360,三级
湖北省十堰市,68.562134,二级
湖北省随州市,137.847870,三级
江苏省苏州市,73.653519,二级
陕西省安康市,65.162865,二级
河南省信阳市,172.453918,四级
青海省玉树藏族自治州,2.753349,一级
江苏省南京市,101.040428,三级
江苏省常州市,101.272926,三级
江苏省无锡市,100.216873,三级
安徽省马鞍山市,117.349274,三级
陕西省汉中市,78.998817,二级
河南省南阳市,145.011093,三级
安徽省淮南市,106.803268,三级
安徽省滁州市,84.649193,二级
江苏省镇江市,92.376556,二级
青海省果洛藏族自治州,5.710199,一级
甘肃省陇南市,68.875519,二级
河南省驻马店市,222.122833,五级
江苏省南通市,57.397964,二级
安徽省阜阳市,125.204994,三级
江苏省泰州市,69.873947,二级
江苏省扬州市,67.626297,二级
甘肃省甘南藏族自治州,10.628303,一级
陕西省商洛市,77.468460,二级
青海省海西蒙古族藏族自治州,7.906950,一级
安徽省亳州市,89.633682,二级
安徽省蚌埠市,80.284248,二级
河南省平顶山市,147.048584,三级
河南省周口市,200.793274,五级
江苏省淮安市,55.846478,二级
江苏省盐城市,58.461014,二级
陕西省宝鸡市,74.624207,二级
陕西省西安市,93.946671,二级
河南省三门峡市,82.390053,二级
河南省洛阳市,100.193748,三级
河南省漯河市,214.520767,五级
安徽省淮北市,83.598953,二级
安徽省宿州市,80.106705,二级
江苏省宿迁市,61.553135,二级
河南省许昌市,202.286819,五级
青海省黄南藏族自治州,12.058863,一级
甘肃省定西市,28.235767,一级
甘肃省天水市,59.715237,二级
陕西省咸阳市,116.755585,三级
陕西省渭南市,98.777603,二级
河南省商丘市,137.241226,三级
江苏省徐州市,76.959244,二级
河南省郑州市,177.528549,四级
河南省开封市,209.848907,五级
青海省海南藏族自治州,14.046959,一级
山西省运城市,77.865082,二级
陕西省铜川市,112.240967,三级
江苏省连云港市,69.770569,二级
甘肃省临夏回族自治州,24.412701,一级
甘肃省平凉市,55.532337,二级
山东省菏泽市,157.703384,四级
河南省焦作市,104.658081,三级
山东省济宁市,135.583786,三级
山东省枣庄市,93.183754,二级
山东省临沂市,106.983177,三级
甘肃省庆阳市,68.212288,二级
河南省新乡市,167.294205,四级
甘肃省白银市,36.759533,一级
宁夏回族自治区固原市,43.219055,一级
陕西省延安市,75.962669,二级
山西省晋城市,78.925011,二级
青海省海东市,25.122852,一级
甘肃省兰州市,45.898270,一级
山西省临汾市,78.202370,二级
河南省安阳市,169.072739,四级
河南省鹤壁市,168.987289,四级
河南省濮阳市,209.091660,五级
山东省日照市,101.788063,三级
宁夏回族自治区中卫市,31.686407,一级
山西省长治市,71.889786,二级
山东省泰安市,193.913895,四级
青海省西宁市,31.286467,一级
山东省聊城市,204.012451,五级
河北省邯郸市,190.520844,四级
山东省青岛市,71.896271,二级
宁夏回族自治区吴忠市,33.413494,一级
山东省济南市,192.145706,四级
山东省淄博市,178.893723,四级
山东省潍坊市,111.667419,三级
新疆维吾尔自治区巴音郭楞蒙古自治州,9.887787,一级
青海省海北藏族自治州,7.415705,一级
甘肃省武威市,35.037849,一级
陕西省榆林市,57.136963,二级
山西省晋中市,91.250015,二级
山东省德州市,194.996887,四级
新疆维吾尔自治区和田地区,6.722867,一级
山西省吕梁市,78.455231,二级
河北省邢台市,196.941315,四级
内蒙古自治区阿拉善盟,48.322872,一级
山东省滨州市,186.628571,四级
河北省衡水市,193.388535,四级
山东省烟台市,93.411446,二级
甘肃省张掖市,13.258537,一级
宁夏回族自治区银川市,47.040649,一级
内蒙古自治区鄂尔多斯市,48.852634,一级
山西省太原市,99.818115,二级
山东省东营市,160.474304,四级
河北省石家庄市,185.277115,四级
山东省威海市,103.894279,三级
山西省阳泉市,99.031250,二级
河北省沧州市,186.433609,四级
甘肃省金昌市,22.801588,一级
新疆维吾尔自治区喀什地区,7.864026,一级
山西省忻州市,78.774345,二级
甘肃省酒泉市,14.913673,一级
宁夏回族自治区石嘴山市,46.316666,一级
河北省保定市,177.721344,四级
内蒙古自治区乌海市,50.173435,二级
河北省廊坊市,187.718658,四级
山西省朔州市,63.115543,二级
山西省大同市,87.960541,二级
内蒙古自治区呼和浩特市,82.706635,二级
河北省唐山市,120.754791,三级
辽宁省大连市,56.846069,二级
甘肃省嘉峪关市,16.785715,一级
河北省张家口市,95.952370,二级
内蒙古自治区巴彦淖尔市,59.953018,二级
河北省秦皇岛市,107.543938,三级
内蒙古自治区包头市,60.312393,二级
内蒙古自治区乌兰察布市,62.185577,二级
新疆维吾尔自治区克孜勒苏柯尔克孜自治州,6.950820,一级
河北省承德市,103.638092,三级
辽宁省葫芦岛市,104.152161,三级
辽宁省营口市,65.794426,二级
辽宁省丹东市,59.791790,二级
新疆维吾尔自治区阿克苏地区,11.160437,一级
辽宁省鞍山市,64.669876,二级
新疆维吾尔自治区哈密市,21.805122,一级
辽宁省朝阳市,89.908081,二级
辽宁省盘锦市,73.980835,二级
新疆维吾尔自治区吐鲁番市,15.821253,一级
辽宁省锦州市,87.425270,二级
辽宁省辽阳市,66.444473,二级
内蒙古自治区锡林郭勒盟,74.437012,二级
内蒙古自治区赤峰市,80.080772,二级
辽宁省本溪市,56.357971,二级
辽宁省沈阳市,72.549835,二级
吉林省通化市,65.804749,二级
辽宁省阜新市,74.155975,二级
辽宁省抚顺市,55.342758,二级
吉林省白山市,64.673401,二级
内蒙古自治区通辽市,58.514420,二级
辽宁省铁岭市,64.821533,二级
吉林省辽源市,53.366249,二级
吉林省延边朝鲜族自治州,62.857201,二级
新疆维吾尔自治区乌鲁木齐市,47.312771,一级
新疆维吾尔自治区昌吉回族自治州,53.379787,二级
吉林省四平市,62.946999,二级
新疆维吾尔自治区伊犁哈萨克自治州,31.514696,一级
吉林省吉林市,50.067497,二级
吉林省长春市,61.786770,二级
新疆维吾尔自治区塔城地区,44.253353,一级
内蒙古自治区兴安盟,33.777767,一级
吉林省松原市,58.923367,二级
吉林省白城市,45.185471,一级
新疆维吾尔自治区克拉玛依市,61.961830,二级
黑龙江省牡丹江市,48.748547,一级
新疆维吾尔自治区博尔塔拉蒙古自治州,53.728104,二级
新疆维吾尔自治区阿勒泰地区,22.774374,一级
黑龙江省哈尔滨市,44.764027,一级
黑龙江省大庆市,44.460316,一级
黑龙江省绥化市,38.668003,一级
黑龙江省鸡西市,51.831810,二级
黑龙江省齐齐哈尔市,23.962198,一级
黑龙江省七台河市,38.934071,一级
内蒙古自治区呼伦贝尔市,21.140751,一级
黑龙江省佳木斯市,22.768877,一级
黑龙江省双鸭山市,32.810818,一级
黑龙江省伊春市,18.124382,一级
黑龙江省黑河市,10.173654,一级
黑龙江省鹤岗市,14.694458,一级
黑龙江省大兴安岭地区,5.405747,一级
