lon,lat,U,V
60,20,0,0
60,21,0,0
60,22,0,0
60,23,0,0
60,24,0,0
60,25,0,0
60,26,0,0
60,27,0,0
60,28,0,0
60,29,0,0
60,30,0,0
60,31,0,0
60,32,0,0
60,33,0,0
60,34,0,0
60,35,0,0
60,36,0,0
60,37,0,0
60,38,0,0
60,39,0,0
60,40,0,0
60,41,0,0
60,42,0,0
60,43,0,0
60,44,0,0
60,45,0,0
60,46,0,0
60,47,0,0
60,48,0,0
60,49,0,0
60,50,0,0
60,51,0,0
60,52,0,0
60,53,0,0
60,54,0,0
60,55,0,0
60,56,0,0
60,57,0,0
60,58,0,0
60,59,0,0
60,60,0,0
60,61,0,0
60,62,0,0
60,63,0,0
60,64,0,0
60,65,0,0
61,20,0,0
61,21,0,0
61,22,0,0
61,23,0,0
61,24,0,0
61,25,0,0
61,26,0,0
61,27,0,0
61,28,0,0
61,29,0,0
61,30,0,0
61,31,0,0
61,32,0,0
61,33,0,0
61,34,0,0
61,35,0,0
61,36,0,0
61,37,0,0
61,38,0,0
61,39,0,0
61,40,0,0
61,41,0,0
61,42,0,0
61,43,0,0
61,44,0,0
61,45,0,0
61,46,0,0
61,47,0,0
61,48,0,0
61,49,0,0
61,50,0,0
61,51,0,0
61,52,0,0
61,53,0,0
61,54,0,0
61,55,0,0
61,56,0,0
61,57,0,0
61,58,0,0
61,59,0,0
61,60,0,0
61,61,0,0
61,62,0,0
61,63,0,0
61,64,0,0
61,65,0,0
62,20,0,0
62,21,0,0
62,22,0,0
62,23,0,0
62,24,0,0
62,25,0,0
62,26,0,0
62,27,0,0
62,28,0,0
62,29,0,0
62,30,0,0
62,31,0,0
62,32,0,0
62,33,0,0
62,34,0,0
62,35,0,0
62,36,0,0
62,37,0,0
62,38,0,0
62,39,0,0
62,40,0,0
62,41,0,0
62,42,0,0
62,43,0,0
62,44,0,0
62,45,0,0
62,46,0,0
62,47,0,0
62,48,0,0
62,49,0,0
62,50,0,0
62,51,0,0
62,52,0,0
62,53,0,0
62,54,0,0
62,55,0,0
62,56,0,0
62,57,0,0
62,58,0,0
62,59,0,0
62,60,0,0
62,61,0,0
62,62,0,0
62,63,0,0
62,64,0,0
62,65,0,0
63,20,0,0
63,21,0,0
63,22,0,0
63,23,0,0
63,24,0,0
63,25,0,0
63,26,0,0
63,27,0,0
63,28,0,0
63,29,0,0
63,30,0,0
63,31,0,0
63,32,0,0
63,33,0,0
63,34,0,0
63,35,0,0
63,36,0,0
63,37,0,0
63,38,0,0
63,39,0,0
63,40,0,0
63,41,0,0
63,42,0,0
63,43,0,0
63,44,0,0
63,45,0,0
63,46,0,0
63,47,0,0
63,48,0,0
63,49,0,0
63,50,0,0
63,51,0,0
63,52,0,0
63,53,0,0
63,54,0,0
63,55,0,0
63,56,0,0
63,57,0,0
63,58,0,0
63,59,0,0
63,60,0,0
63,61,0,0
63,62,0,0
63,63,0,0
63,64,0,0
63,65,0,0
64,20,0,0
64,21,0,0
64,22,0,0
64,23,0,0
64,24,0,0
64,25,0,0
64,26,0,0
64,27,0,0
64,28,0,0
64,29,0,0
64,30,0,0
64,31,0,0
64,32,0,0
64,33,0,0
64,34,0,0
64,35,0,0
64,36,0,0
64,37,0,0
64,38,0,0
64,39,0,0
64,40,0,0
64,41,0,0
64,42,0,0
64,43,0,0
64,44,0,0
64,45,0,0
64,46,0,0
64,47,0,0
64,48,0,0
64,49,0,0
64,50,0,0
64,51,0,0
64,52,0,0
64,53,0,0
64,54,0,0
64,55,0,0
64,56,0,0
64,57,0,0
64,58,0,0
64,59,0,0
64,60,0,0
64,61,0,0
64,62,0,0
64,63,0,0
64,64,0,0
64,65,0,0
65,20,0,0
65,21,0,0
65,22,0,0
65,23,0,0
65,24,0,0
65,25,0,0
65,26,0,0
65,27,0,0
65,28,0,0
65,29,0,0
65,30,0,0
65,31,0,0
65,32,0,0
65,33,0,0
65,34,0,0
65,35,0,0
65,36,0,0
65,37,0,0
65,38,0,0
65,39,0,0
65,40,0,0
65,41,0,0
65,42,0,0
65,43,0,0
65,44,0,0
65,45,0,0
65,46,0,0
65,47,0,0
65,48,0,0
65,49,0,0
65,50,0,0
65,51,0,0
65,52,0,0
65,53,0,0
65,54,0,0
65,55,0,0
65,56,0,0
65,57,0,0
65,58,0,0
65,59,0,0
65,60,0,0
65,61,0,0
65,62,0,0
65,63,0,0
65,64,0,0
65,65,0,0
66,20,0,0
66,21,0,0
66,22,0,0
66,23,0,0
66,24,0,0
66,25,0,0
66,26,0,0
66,27,0,0
66,28,0,0
66,29,0,0
66,30,0,0
66,31,0,0
66,32,0,0
66,33,0,0
66,34,0,0
66,35,0,0
66,36,0,0
66,37,0,0
66,38,0,0
66,39,0,0
66,40,0,0
66,41,0,0
66,42,0,0
66,43,0,0
66,44,0,0
66,45,0,0
66,46,0,0
66,47,0,0
66,48,0,0
66,49,0,0
66,50,0,0
66,51,0,0
66,52,0,0
66,53,0,0
66,54,0,0
66,55,0,0
66,56,0,0
66,57,0,0
66,58,0,0
66,59,0,0
66,60,0,0
66,61,0,0
66,62,0,0
66,63,0,0
66,64,0,0
66,65,0,0
67,20,0,0
67,21,0,0
67,22,0,0
67,23,0,0
67,24,0,0
67,25,0,0
67,26,0,0
67,27,0,0
67,28,0,0
67,29,0,0
67,30,0,0
67,31,0,0
67,32,0,0
67,33,0,0
67,34,0,0
67,35,0,0
67,36,0,0
67,37,0,0
67,38,0,0
67,39,0,0
67,40,0,0
67,41,0,0
67,42,0,0
67,43,0,0
67,44,0,0
67,45,0,0
67,46,0,0
67,47,0,0
67,48,0,0
67,49,0,0
67,50,0,0
67,51,0,0
67,52,0,0
67,53,0,0
67,54,0,0
67,55,0,0
67,56,0,0
67,57,0,0
67,58,0,0
67,59,0,0
67,60,0,0
67,61,0,0
67,62,0,0
67,63,0,0
67,64,0,0
67,65,0,0
68,20,0,0
68,21,0,0
68,22,0,0
68,23,0,0
68,24,0,0
68,25,0,0
68,26,0,0
68,27,0,0
68,28,0,0
68,29,0,0
68,30,0,0
68,31,0,0
68,32,0,0
68,33,0,0
68,34,0,0
68,35,0,0
68,36,0,0
68,37,0,0
68,38,0,0
68,39,0,0
68,40,0,0
68,41,0,0
68,42,0,0
68,43,0,0
68,44,0,0
68,45,0,0
68,46,0,0
68,47,0,0
68,48,0,0
68,49,0,0
68,50,0,0
68,51,0,0
68,52,0,0
68,53,0,0
68,54,0,0
68,55,0,0
68,56,0,0
68,57,0,0
68,58,0,0
68,59,0,0
68,60,0,0
68,61,0,0
68,62,0,0
68,63,0,0
68,64,0,0
68,65,0,0
69,20,0,0
69,21,0,0
69,22,0,0
69,23,0,0
69,24,0,0
69,25,0,0
69,26,0,0
69,27,0,0
69,28,0,0
69,29,0,0
69,30,0,0
69,31,0,0
69,32,0,0
69,33,0,0
69,34,0,0
69,35,0,0
69,36,0,0
69,37,0,0
69,38,0,0
69,39,0,0
69,40,0,0
69,41,0,0
69,42,0,0
69,43,0,0
69,44,0,0
69,45,0,0
69,46,0,0
69,47,0,0
69,48,0,0
69,49,0,0
69,50,0,0
69,51,0,0
69,52,0,0
69,53,0,0
69,54,0,0
69,55,0,0
69,56,0,0
69,57,0,0
69,58,0,0
69,59,0,0
69,60,0,0
69,61,0,0
69,62,0,0
69,63,0,0
69,64,0,0
69,65,0,0
70,20,0,0
70,21,0,0
70,22,0,0
70,23,0,0
70,24,0,0
70,25,0,0
70,26,0,0
70,27,0,0
70,28,0,0
70,29,0,0
70,30,0,0
70,31,0,0
70,32,0,0
70,33,0,0
70,34,0,0
70,35,0,0
70,36,0,0
70,37,0,0
70,38,0,0
70,39,0,0
70,40,0,0
70,41,0,0
70,42,0,0
70,43,0,0
70,44,0,0
70,45,0,0
70,46,0,0
70,47,0,0
70,48,0,0
70,49,0,0
70,50,0,0
70,51,0,0
70,52,0,0
70,53,0,0
70,54,0,0
70,55,0,0
70,56,0,0
70,57,0,0
70,58,0,0
70,59,0,0
70,60,0,0
70,61,0,0
70,62,0,0
70,63,0,0
70,64,0,0
70,65,0,0
71,20,0,0
71,21,0,0
71,22,0,0
71,23,0,0
71,24,0,0
71,25,0,0
71,26,0,0
71,27,0,0
71,28,0,0
71,29,0,0
71,30,0,0
71,31,0,0
71,32,0,0
71,33,0,0
71,34,0,0
71,35,0,0
71,36,0,0
71,37,0,0
71,38,0,0
71,39,0,0
71,40,0,0
71,41,0,0
71,42,0,0
71,43,0,0
71,44,0,0
71,45,0,0
71,46,0,0
71,47,0,0
71,48,0,0
71,49,0,0
71,50,0,0
71,51,0,0
71,52,0,0
71,53,0,0
71,54,0,0
71,55,0,0
71,56,0,0
71,57,0,0
71,58,0,0
71,59,0,0
71,60,0,0
71,61,0,0
71,62,0,0
71,63,0,0
71,64,0,0
71,65,0,0
72,20,0,0
72,21,0,0
72,22,0,0
72,23,0,0
72,24,0,0
72,25,0,0
72,26,0,0
72,27,0,0
72,28,0,0
72,29,0,0
72,30,0,0
72,31,0,0
72,32,0,0
72,33,0,0
72,34,0,0
72,35,0,0
72,36,0,0
72,37,0,0
72,38,0,0
72,39,0,0
72,40,0,0
72,41,0,0
72,42,0,0
72,43,0,0
72,44,0,0
72,45,0,0
72,46,0,0
72,47,0,0
72,48,0,0
72,49,0,0
72,50,0,0
72,51,0,0
72,52,0,0
72,53,0,0
72,54,0,0
72,55,0,0
72,56,0,0
72,57,0,0
72,58,0,0
72,59,0,0
72,60,0,0
72,61,0,0
72,62,0,0
72,63,0,0
72,64,0,0
72,65,0,0
73,20,0,0
73,21,0,0
73,22,0,0
73,23,0,0
73,24,0,0
73,25,0,0
73,26,0,0
73,27,0,0
73,28,0,0
73,29,0,0
73,30,0,0
73,31,0,0
73,32,0,0
73,33,0,0
73,34,0,0
73,35,0,0
73,36,0,0
73,37,0,0
73,38,0,0
73,39,0,0
73,40,0,0
73,41,0,0
73,42,0,0
73,43,0,0
73,44,0,0
73,45,0,0
73,46,0,0
73,47,0,0
73,48,0,0
73,49,0,0
73,50,0,0
73,51,0,0
73,52,0,0
73,53,0,0
73,54,0,0
73,55,0,0
73,56,0,0
73,57,0,0
73,58,0,0
73,59,0,0
73,60,0,0
73,61,0,0
73,62,0,0
73,63,0,0
73,64,0,0
73,65,0,0
74,20,0,0
74,21,0,0
74,22,0,0
74,23,0,0
74,24,0,0
74,25,0,0
74,26,0,0
74,27,0,0
74,28,0,0
74,29,0,0
74,30,0,0
74,31,0,0
74,32,0,0
74,33,0,0
74,34,0,0
74,35,0,0
74,36,0,0
74,37,0,0
74,38,0,0
74,39,11.0384,3.58813
74,40,6.804,-3.664
74,41,0,0
74,42,0,0
74,43,0,0
74,44,0,0
74,45,0,0
74,46,0,0
74,47,0,0
74,48,0,0
74,49,0,0
74,50,0,0
74,51,0,0
74,52,0,0
74,53,0,0
74,54,0,0
74,55,0,0
74,56,0,0
74,57,0,0
74,58,0,0
74,59,0,0
74,60,0,0
74,61,0,0
74,62,0,0
74,63,0,0
74,64,0,0
74,65,0,0
75,20,0,0
75,21,0,0
75,22,0,0
75,23,0,0
75,24,0,0
75,25,0,0
75,26,0,0
75,27,0,0
75,28,0,0
75,29,0,0
75,30,0,0
75,31,0,0
75,32,0,0
75,33,0,0
75,34,0,0
75,35,0,0
75,36,0,0
75,37,15.0875,8.855
75,38,11.4778,1.59407
75,39,8.4439,1.36049
75,40,5.0695,-4.898
75,41,2.77,-4.9
75,42,0,0
75,43,0,0
75,44,0,0
75,45,0,0
75,46,0,0
75,47,0,0
75,48,0,0
75,49,0,0
75,50,0,0
75,51,0,0
75,52,0,0
75,53,0,0
75,54,0,0
75,55,0,0
75,56,0,0
75,57,0,0
75,58,0,0
75,59,0,0
75,60,0,0
75,61,0,0
75,62,0,0
75,63,0,0
75,64,0,0
75,65,0,0
76,20,0,0
76,21,0,0
76,22,0,0
76,23,0,0
76,24,0,0
76,25,0,0
76,26,0,0
76,27,0,0
76,28,0,0
76,29,0,0
76,30,0,0
76,31,0,0
76,32,0,0
76,33,0,0
76,34,0,0
76,35,0,0
76,36,16.49,17.0636
76,37,15.1533,8.44282
76,38,8.91372,0.694419
76,39,2.29,-1.09238
76,40,0.379474,-4.245
76,41,2.55,-3.56
76,42,0,0
76,43,0,0
76,44,0,0
76,45,0,0
76,46,0,0
76,47,0,0
76,48,0,0
76,49,0,0
76,50,0,0
76,51,0,0
76,52,0,0
76,53,0,0
76,54,0,0
76,55,0,0
76,56,0,0
76,57,0,0
76,58,0,0
76,59,0,0
76,60,0,0
76,61,0,0
76,62,0,0
76,63,0,0
76,64,0,0
76,65,0,0
77,20,0,0
77,21,0,0
77,22,0,0
77,23,0,0
77,24,0,0
77,25,0,0
77,26,0,0
77,27,0,0
77,28,0,0
77,29,0,0
77,30,0,0
77,31,0,0
77,32,0,0
77,33,0,0
77,34,0,0
77,35,0,0
77,36,16.7349,13.7395
77,37,9.62511,5.73
77,38,1.12119,-1.09286
77,39,1.14786,-0.509286
77,40,0.990244,-0.887073
77,41,3.989,-6.629
77,42,0,0
77,43,0,0
77,44,0,0
77,45,0,0
77,46,0,0
77,47,0,0
77,48,0,0
77,49,0,0
77,50,0,0
77,51,0,0
77,52,0,0
77,53,0,0
77,54,0,0
77,55,0,0
77,56,0,0
77,57,0,0
77,58,0,0
77,59,0,0
77,60,0,0
77,61,0,0
77,62,0,0
77,63,0,0
77,64,0,0
77,65,0,0
78,20,0,0
78,21,0,0
78,22,0,0
78,23,0,0
78,24,0,0
78,25,0,0
78,26,0,0
78,27,0,0
78,28,0,0
78,29,0,0
78,30,0,0
78,31,0,0
78,32,0,0
78,33,0,0
78,34,0,0
78,35,13.6921,10.6929
78,36,15.7811,10.6407
78,37,9.75976,2.82071
78,38,0.652273,-0.0306818
78,39,0.980952,-0.213333
78,40,0.810465,-1.04395
78,41,2.25222,-4.7375
78,42,0,0
78,43,0,0
78,44,0,0
78,45,0,0
78,46,0,0
78,47,0,0
78,48,0,0
78,49,0,0
78,50,0,0
78,51,0,0
78,52,0,0
78,53,0,0
78,54,0,0
78,55,0,0
78,56,0,0
78,57,0,0
78,58,0,0
78,59,0,0
78,60,0,0
78,61,0,0
78,62,0,0
78,63,0,0
78,64,0,0
78,65,0,0
79,20,0,0
79,21,0,0
79,22,0,0
79,23,0,0
79,24,0,0
79,25,0,0
79,26,0,0
79,27,0,0
79,28,0,0
79,29,0,0
79,30,0,0
79,31,9.81643,6.04429
79,32,5.81579,3.49158
79,33,11.85,7.80158
79,34,10.9735,6.04935
79,35,14.8155,8.06182
79,36,14.5023,10.3942
79,37,4.63279,-0.167674
79,38,-0.412326,0.119302
79,39,0.821429,0.19119
79,40,1.51395,0.174651
79,41,-0.0495238,-1.67452
79,42,1.04,-3.41
79,43,0,0
79,44,0,0
79,45,0,0
79,46,0,0
79,47,0,0
79,48,0,0
79,49,0,0
79,50,0,0
79,51,0,0
79,52,0,0
79,53,0,0
79,54,0,0
79,55,0,0
79,56,0,0
79,57,0,0
79,58,0,0
79,59,0,0
79,60,0,0
79,61,0,0
79,62,0,0
79,63,0,0
79,64,0,0
79,65,0,0
80,20,0,0
80,21,0,0
80,22,0,0
80,23,0,0
80,24,0,0
80,25,0,0
80,26,0,0
80,27,0,0
80,28,0,0
80,29,0,0
80,30,0,0
80,31,5.23306,4.16611
80,32,7.05745,5.77426
80,33,9.6125,5.26
80,34,7.66909,4.25364
80,35,9.1975,6.69682
80,36,12.2695,8.21409
80,37,0.858605,-0.372093
80,38,-0.716364,-0.214318
80,39,0.453488,0.0109302
80,40,1.24952,1.15048
80,41,-0.305854,0.506585
80,42,0.815,-0.778462
80,43,4.17,-0.17
80,44,-1.13,-2.24
80,45,1.78429,-0.792857
80,46,0,0
80,47,0,0
80,48,0,0
80,49,0,0
80,50,0,0
80,51,0,0
80,52,0,0
80,53,0,0
80,54,0,0
80,55,0,0
80,56,0,0
80,57,0,0
80,58,0,0
80,59,0,0
80,60,0,0
80,61,0,0
80,62,0,0
80,63,0,0
80,64,0,0
80,65,0,0
81,20,0,0
81,21,0,0
81,22,0,0
81,23,0,0
81,24,0,0
81,25,0,0
81,26,0,0
81,27,0,0
81,28,0,0
81,29,0,0
81,30,3.01333,0.833333
81,31,5.48383,3.51723
81,32,10.6716,5.04477
81,33,8.78,3.4034
81,34,6.29422,4.00711
81,35,12.5436,5.50178
81,36,12.2365,4.61953
81,37,-0.347442,-0.256047
81,38,-0.879767,-0.59186
81,39,0.207907,-0.670233
81,40,0.439524,0.104286
81,41,0.0552381,-0.115476
81,42,1.09488,-1.26122
81,43,3.78105,-0.329737
81,44,1.22421,-0.186842
81,45,0.622692,-1.2
81,46,0,0
81,47,0,0
81,48,0,0
81,49,0,0
81,50,0,0
81,51,0,0
81,52,0,0
81,53,0,0
81,54,0,0
81,55,0,0
81,56,0,0
81,57,0,0
81,58,0,0
81,59,0,0
81,60,0,0
81,61,0,0
81,62,0,0
81,63,0,0
81,64,0,0
81,65,0,0
82,20,0,0
82,21,0,0
82,22,0,0
82,23,0,0
82,24,0,0
82,25,0,0
82,26,0,0
82,27,0,0
82,28,0,0
82,29,0,0
82,30,8.67,1.771
82,31,10.1485,3.49458
82,32,11.8906,4.47957
82,33,6.44159,1.15932
82,34,9.84136,4.46295
82,35,11.998,4.13
82,36,12.903,4.40886
82,37,0.669545,-0.167273
82,38,-1.21233,-0.947442
82,39,-0.857805,-1.19683
82,40,-0.60186,-0.316744
82,41,0.1605,-0.614
82,42,0.0209524,-1.60857
82,43,2.48275,0.49475
82,44,-0.173095,-0.232381
82,45,0.300937,-0.0084375
82,46,-3.73333,7.32
82,47,0,0
82,48,0,0
82,49,0,0
82,50,0,0
82,51,0,0
82,52,0,0
82,53,0,0
82,54,0,0
82,55,0,0
82,56,0,0
82,57,0,0
82,58,0,0
82,59,0,0
82,60,0,0
82,61,0,0
82,62,0,0
82,63,0,0
82,64,0,0
82,65,0,0
83,20,0,0
83,21,0,0
83,22,0,0
83,23,0,0
83,24,0,0
83,25,0,0
83,26,0,0
83,27,0,0
83,28,0,0
83,29,4.86,3.02
83,30,6.94256,0.944615
83,31,11.7311,2.14348
83,32,11.4889,2.648
83,33,4.67739,0.597609
83,34,10.425,3.66682
83,35,14.14,3.93
83,36,12.6614,3.49256
83,37,1.88333,0.118
83,38,-2.03854,-1.4039
83,39,-2.00651,-0.856279
83,40,-1.13548,-0.489762
83,41,1.03795,-0.682727
83,42,-1.292,-0.9725
83,43,2.42595,1.12643
83,44,-1.96026,1.85051
83,45,-1.68098,-0.168049
83,46,1.68297,0.921622
83,47,-1.87882,0.581176
83,48,0,0
83,49,0,0
83,50,0,0
83,51,0,0
83,52,0,0
83,53,0,0
83,54,0,0
83,55,0,0
83,56,0,0
83,57,0,0
83,58,0,0
83,59,0,0
83,60,0,0
83,61,0,0
83,62,0,0
83,63,0,0
83,64,0,0
83,65,0,0
84,20,0,0
84,21,0,0
84,22,0,0
84,23,0,0
84,24,0,0
84,25,0,0
84,26,0,0
84,27,0,0
84,28,0,0
84,29,8.38125,-0.464375
84,30,5.78745,0.418936
84,31,11.9204,0.665333
84,32,8.79681,0.204255
84,33,7.33222,1.95511
84,34,11.2041,3.17435
84,35,12.2842,4.35558
84,36,10.768,4.44227
84,37,4.80093,3.65372
84,38,-2.60932,-1.11
84,39,-2.80163,-1.01093
84,40,-1.20953,-0.569767
84,41,0.8515,-0.33025
84,42,0.0204762,-1.055
84,43,1.06375,0.296
84,44,-0.382683,1.06024
84,45,-3.37025,-0.48225
84,46,-1.04,2.52
84,47,-0.0085,1
84,48,0,0
84,49,0,0
84,50,0,0
84,51,0,0
84,52,0,0
84,53,0,0
84,54,0,0
84,55,0,0
84,56,0,0
84,57,0,0
84,58,0,0
84,59,0,0
84,60,0,0
84,61,0,0
84,62,0,0
84,63,0,0
84,64,0,0
84,65,0,0
85,20,0,0
85,21,0,0
85,22,0,0
85,23,0,0
85,24,0,0
85,25,0,0
85,26,0,0
85,27,0,0
85,28,0.085,-3.36
85,29,6.83364,-2.31023
85,30,9.95128,-0.913404
85,31,10.025,-0.390652
85,32,7.78717,-0.0213043
85,33,8.94133,1.69667
85,34,8.764,3.17222
85,35,11.7941,4.41545
85,36,10.4231,6.04911
85,37,7.58767,5.0007
85,38,-2.12548,-0.650476
85,39,-3.05279,-1.13093
85,40,-1.21341,-0.983171
85,41,0.613721,-0.399535
85,42,0.922439,-0.61439
85,43,-0.143902,-0.289268
85,44,1.06225,1.0225
85,45,-2.00103,-0.601538
85,46,-0.456098,-1.53463
85,47,-0.854545,1.50682
85,48,0,0
85,49,0,0
85,50,0,0
85,51,0,0
85,52,0,0
85,53,0,0
85,54,0,0
85,55,0,0
85,56,0,0
85,57,0,0
85,58,0,0
85,59,0,0
85,60,0,0
85,61,0,0
85,62,0,0
85,63,0,0
85,64,0,0
85,65,0,0
86,20,0,0
86,21,0,0
86,22,0,0
86,23,0,0
86,24,0,0
86,25,0,0
86,26,0,0
86,27,0,0
86,28,5.06,-3.98524
86,29,7.54702,-2.23213
86,30,10.6954,-2.34913
86,31,9.51146,-1.85333
86,32,9.25318,-0.710455
86,33,10.0765,0.441957
86,34,9.34978,0.412444
86,35,12.8362,2.53911
86,36,13.5981,3.83186
86,37,11.7123,6.10591
86,38,1.12405,0.853571
86,39,-2.9314,-1.89721
86,40,-1.41143,-1.13357
86,41,0.0643902,-0.479512
86,42,-0.0857143,-0.445952
86,43,0.529024,-1.4222
86,44,1.19951,0.415366
86,45,-0.31625,-0.09425
86,46,-1.741,-0.8985
86,47,0.520571,0.882571
86,48,-8.59424,3.66545
86,49,0,0
86,50,0,0
86,51,0,0
86,52,0,0
86,53,0,0
86,54,0,0
86,55,0,0
86,56,0,0
86,57,0,0
86,58,0,0
86,59,0,0
86,60,0,0
86,61,0,0
86,62,0,0
86,63,0,0
86,64,0,0
86,65,0,0
87,20,0,0
87,21,0,0
87,22,0,0
87,23,0,0
87,24,0,0
87,25,0,0
87,26,0,0
87,27,0,0
87,28,7.20192,-3.64308
87,29,7.19809,-2.4317
87,30,10.3696,-3.80234
87,31,10.2677,-3.29255
87,32,6.11778,-1.73044
87,33,8.77,0.825778
87,34,10.4193,1.54467
87,35,10.6479,0.973256
87,36,10.9618,1.80455
87,37,12.355,4.81091
87,38,3.22205,4.35068
87,39,-2.69439,-2.24195
87,40,-2.02302,-1.46651
87,41,-0.462143,-0.67381
87,42,-1.48585,0.65878
87,43,1.0739,-1.25122
87,44,1.23725,-0.142
87,45,-1.14244,0.331951
87,46,-3.98375,-1.07525
87,47,-0.941,1.31175
87,48,-6.12077,3.13256
87,49,-2.73421,0.681579
87,50,0,0
87,51,0,0
87,52,0,0
87,53,0,0
87,54,0,0
87,55,0,0
87,56,0,0
87,57,0,0
87,58,0,0
87,59,0,0
87,60,0,0
87,61,0,0
87,62,0,0
87,63,0,0
87,64,0,0
87,65,0,0
88,20,0,0
88,21,0,0
88,22,0,0
88,23,0,0
88,24,0,0
88,25,0,0
88,26,0,0
88,27,0,0
88,28,6.71429,-2.07607
88,29,5.47812,-1.70458
88,30,6.92667,-2.30583
88,31,7.06356,-1.07444
88,32,6.80239,-0.971304
88,33,9.065,-0.782174
88,34,11.322,1.53756
88,35,10.1921,1.13744
88,36,11.8236,2.57114
88,37,12.9939,1.65932
88,38,10.5095,6.13419
88,39,-1.17674,-1.71674
88,40,-3.00714,-1.7019
88,41,-1.10805,-1.14439
88,42,-2.509,0.16
88,43,0.057381,0.996667
88,44,-1.67634,0.316341
88,45,-5.10359,2.19692
88,46,-3.16625,2.24875
88,47,-3.80282,4.32821
88,48,-3.84553,0.794211
88,49,-2.02545,-2.11273
88,50,0,0
88,51,0,0
88,52,0,0
88,53,0,0
88,54,0,0
88,55,0,0
88,56,0,0
88,57,0,0
88,58,0,0
88,59,0,0
88,60,0,0
88,61,0,0
88,62,0,0
88,63,0,0
88,64,0,0
88,65,0,0
89,20,0,0
89,21,0,0
89,22,0,0
89,23,0,0
89,24,0,0
89,25,0,0
89,26,0,0
89,27,2.83,-3.19333
89,28,6.84667,-4.32909
89,29,4.07062,-1.33896
89,30,6.06447,-1.86319
89,31,7.79723,-1.18298
89,32,6.54178,-3.11511
89,33,7.68822,-1.16844
89,34,9.99044,0.304889
89,35,8.17867,1.35889
89,36,12.2988,2.21256
89,37,13.6156,2.81163
89,38,11.4619,0.878372
89,39,3.49302,1.72442
89,40,-3.95976,-1.96048
89,41,-2.77214,-2.3231
89,42,0.723571,-1.50786
89,43,-1.015,-0.63425
89,44,-1.1885,-0.489
89,45,-6.42439,2.20756
89,46,-4.70564,4.86385
89,47,-4.79775,3.8825
89,48,-3.2648,-2.3096
89,49,0,0
89,50,0,0
89,51,0,0
89,52,0,0
89,53,0,0
89,54,0,0
89,55,0,0
89,56,0,0
89,57,0,0
89,58,0,0
89,59,0,0
89,60,0,0
89,61,0,0
89,62,0,0
89,63,0,0
89,64,0,0
89,65,0,0
90,20,0,0
90,21,0,0
90,22,0,0
90,23,0,0
90,24,0,0
90,25,0,0
90,26,0,0
90,27,0,0
90,28,6.176,-4.70733
90,29,6.58234,-1.77574
90,30,7.00787,-1.58638
90,31,7.68739,-2.13522
90,32,4.14435,-1.35196
90,33,6.87348,-1.415
90,34,8.93644,-0.529333
90,35,11.2995,0.956364
90,36,12.4077,2.17705
90,37,10.7248,4.05318
90,38,8.87326,4.65512
90,39,6.19167,1.79619
90,40,-4.48476,-2.31643
90,41,-2.37244,-3.41146
90,42,1.72262,0.725952
90,43,-2.26075,0.11625
90,44,-0.88425,1.19625
90,45,-8.73366,1.81951
90,46,-8.52564,5.08308
90,47,-4.7095,0.41625
90,48,-2.35667,-2.48
90,49,0,0
90,50,0,0
90,51,0,0
90,52,0,0
90,53,0,0
90,54,0,0
90,55,0,0
90,56,0,0
90,57,0,0
90,58,0,0
90,59,0,0
90,60,0,0
90,61,0,0
90,62,0,0
90,63,0,0
90,64,0,0
90,65,0,0
91,20,0,0
91,21,0,0
91,22,0,0
91,23,0,0
91,24,0,0
91,25,0,0
91,26,0,0
91,27,0,0
91,28,5.30043,-4.07043
91,29,5.53521,-3.41917
91,30,5.52652,-2.0363
91,31,7.01283,-4.2437
91,32,5.59915,-2.3234
91,33,7.38,-2.36511
91,34,11.4232,0.464091
91,35,9.908,-0.767556
91,36,13.7633,1.34156
91,37,12.1417,2.99024
91,38,7.71,2.21545
91,39,6.0293,1.5193
91,40,-2.59195,-0.834878
91,41,-2.97048,-4.25119
91,42,0.479524,-1.10929
91,43,-0.37075,-0.12275
91,44,-1.26405,3.97119
91,45,-8.02967,-0.401333
91,46,-8.985,2.8525
91,47,-3.86636,-2.69091
91,48,0,0
91,49,0,0
91,50,0,0
91,51,0,0
91,52,0,0
91,53,0,0
91,54,0,0
91,55,0,0
91,56,0,0
91,57,0,0
91,58,0,0
91,59,0,0
91,60,0,0
91,61,0,0
91,62,0,0
91,63,0,0
91,64,0,0
91,65,0,0
92,20,0,0
92,21,0,0
92,22,0,0
92,23,0,0
92,24,0,0
92,25,0,0
92,26,0,0
92,27,-0.748462,-0.378462
92,28,4.06978,-2.99848
92,29,5.98,-3.34729
92,30,4.8963,-2.46239
92,31,5.83217,-2.7987
92,32,5.98213,-1.86128
92,33,9.74432,-0.418182
92,34,9.97467,-1.17578
92,35,12.72,-2.13111
92,36,14.8532,-0.0227273
92,37,13.3749,-0.737674
92,38,-0.286591,0.165682
92,39,2.96073,3.27146
92,40,-2.04619,0.515238
92,41,-2.9214,0.800233
92,42,0.08075,-0.06475
92,43,-1.11452,-0.0361905
92,44,-1.08475,3.9755
92,45,-8.30864,2.71
92,46,0,0
92,47,0,0
92,48,0,0
92,49,0,0
92,50,0,0
92,51,0,0
92,52,0,0
92,53,0,0
92,54,0,0
92,55,0,0
92,56,0,0
92,57,0,0
92,58,0,0
92,59,0,0
92,60,0,0
92,61,0,0
92,62,0,0
92,63,0,0
92,64,0,0
92,65,0,0
93,20,0,0
93,21,0,0
93,22,0,0
93,23,0,0
93,24,0,0
93,25,0,0
93,26,0,0
93,27,-1.17828,-0.716552
93,28,2.01375,-0.8875
93,29,6.57043,-3.25087
93,30,8.08125,-4.77083
93,31,7.11917,-3.14729
93,32,6.51182,-0.706591
93,33,9.58022,-1.57311
93,34,7.85478,-0.617609
93,35,11.7502,-1.31279
93,36,13.0541,-0.404318
93,37,5.7475,0.434318
93,38,-2.54463,2.06951
93,39,-0.651667,4.34333
93,40,-1.38133,1.99356
93,41,-1.10075,0.72825
93,42,0.211667,1.66405
93,43,-1.76925,0.3985
93,44,-0.562,1.15925
93,45,-3.42348,0.716957
93,46,0,0
93,47,0,0
93,48,0,0
93,49,0,0
93,50,0,0
93,51,0,0
93,52,0,0
93,53,0,0
93,54,0,0
93,55,0,0
93,56,0,0
93,57,0,0
93,58,0,0
93,59,0,0
93,60,0,0
93,61,0,0
93,62,0,0
93,63,0,0
93,64,0,0
93,65,0,0
94,20,0,0
94,21,0,0
94,22,0,0
94,23,0,0
94,24,0,0
94,25,0,0
94,26,0,0
94,27,-1.21182,-2.11364
94,28,-0.152128,-0.923191
94,29,2.10061,-1.62755
94,30,4.07065,-3.00957
94,31,5.958,-3.07178
94,32,5.88583,-1.61604
94,33,7.57391,-0.956739
94,34,6.47674,0.644651
94,35,8.908,0.416
94,36,11.2373,0.771556
94,37,-1.74814,1.52023
94,38,-3.06953,2.05465
94,39,2.82,3.20756
94,40,-3.61359,0.522308
94,41,-3.4378,1.68463
94,42,-2.68095,3.13548
94,43,-0.0404878,-0.669512
94,44,-2.42786,1.455
94,45,-4.65889,0.278889
94,46,0,0
94,47,0,0
94,48,0,0
94,49,0,0
94,50,0,0
94,51,0,0
94,52,0,0
94,53,0,0
94,54,0,0
94,55,0,0
94,56,0,0
94,57,0,0
94,58,0,0
94,59,0,0
94,60,0,0
94,61,0,0
94,62,0,0
94,63,0,0
94,64,0,0
94,65,0,0
95,20,0,0
95,21,0,0
95,22,0,0
95,23,0,0
95,24,0,0
95,25,0,0
95,26,0,0
95,27,0,0
95,28,-0.958667,-1.16033
95,29,-0.746939,-1.87796
95,30,0.74913,-3.06174
95,31,4.71522,-2.04935
95,32,7.79426,-1.81277
95,33,8.335,-2.60886
95,34,11.2564,-0.00466667
95,35,9.83783,1.2313
95,36,10.0441,1.84512
95,37,-4.30837,0.81
95,38,0.205778,0.0493333
95,39,3.43575,3.28525
95,40,1.08837,2.42326
95,41,-3.49205,0.403182
95,42,-5.1245,2.10325
95,43,-1.49439,-1.95805
95,44,-4.7003,1.64242
95,45,0,0
95,46,0,0
95,47,0,0
95,48,0,0
95,49,0,0
95,50,0,0
95,51,0,0
95,52,0,0
95,53,0,0
95,54,0,0
95,55,0,0
95,56,0,0
95,57,0,0
95,58,0,0
95,59,0,0
95,60,0,0
95,61,0,0
95,62,0,0
95,63,0,0
95,64,0,0
95,65,0,0
96,20,0,0
96,21,0,0
96,22,0,0
96,23,0,0
96,24,0,0
96,25,0,0
96,26,0,0
96,27,0,0
96,28,-1.15067,-0.741333
96,29,-1.6125,-2.0425
96,30,-0.348,-2.1044
96,31,6.09457,-0.828696
96,32,8.21721,-1.95744
96,33,7.86298,-1.7783
96,34,9.19578,-2.00333
96,35,11.2107,1.28953
96,36,9.46356,1.17489
96,37,-1.69318,-1.22864
96,38,10.3448,-3.7931
96,39,9.25227,1.45273
96,40,2.93905,2.08881
96,41,-4.83073,-1.44171
96,42,-1.59738,2.82286
96,43,-1.72296,2.95037
96,44,-4.335,2.47
96,45,0,0
96,46,0,0
96,47,0,0
96,48,0,0
96,49,0,0
96,50,0,0
96,51,0,0
96,52,0,0
96,53,0,0
96,54,0,0
96,55,0,0
96,56,0,0
96,57,0,0
96,58,0,0
96,59,0,0
96,60,0,0
96,61,0,0
96,62,0,0
96,63,0,0
96,64,0,0
96,65,0,0
97,20,0,0
97,21,0,0
97,22,0,0
97,23,0,0
97,24,0,0
97,25,0,0
97,26,0,0
97,27,0,0
97,28,-0.512,-0.8284
97,29,2.79725,-2.58745
97,30,5.1781,-2.02286
97,31,5.645,-1.2114
97,32,3.36522,-1.19239
97,33,7.00023,0.996364
97,34,9.44289,-0.669778
97,35,11.2578,-0.287609
97,36,7.60878,1.29366
97,37,-1.29556,-0.846444
97,38,10.2774,-4.25524
97,39,10.3607,-0.11619
97,40,3.56,-0.0104762
97,41,-2.51476,-3.01786
97,42,1.10175,1.172
97,43,-0.0363636,1.32455
97,44,0,0
97,45,0,0
97,46,0,0
97,47,0,0
97,48,0,0
97,49,0,0
97,50,0,0
97,51,0,0
97,52,0,0
97,53,0,0
97,54,0,0
97,55,0,0
97,56,0,0
97,57,0,0
97,58,0,0
97,59,0,0
97,60,0,0
97,61,0,0
97,62,0,0
97,63,0,0
97,64,0,0
97,65,0,0
98,20,0,0
98,21,0,0
98,22,0,0
98,23,0,0
98,24,-0.2215,0.8895
98,25,1.16147,1.27412
98,26,5.135,0.455
98,27,0,0
98,28,0.5755,-0.526
98,29,3.28068,-2.66955
98,30,4.83377,-3.50302
98,31,7.18548,-2.59548
98,32,6.84674,-0.959565
98,33,7.43191,-0.141915
98,34,9.84372,-0.246047
98,35,11.1779,-0.729535
98,36,5.07149,2.85553
98,37,2.0519,1.8769
98,38,13.2565,-4.35326
98,39,13.5225,-3.41114
98,40,2.15075,-0.7755
98,41,-0.845227,-2.94205
98,42,-0.08425,-0.884
98,43,-0.344286,0.977143
98,44,0,0
98,45,0,0
98,46,0,0
98,47,0,0
98,48,0,0
98,49,0,0
98,50,0,0
98,51,0,0
98,52,0,0
98,53,0,0
98,54,0,0
98,55,0,0
98,56,0,0
98,57,0,0
98,58,0,0
98,59,0,0
98,60,0,0
98,61,0,0
98,62,0,0
98,63,0,0
98,64,0,0
98,65,0,0
99,20,0,0
99,21,0,0
99,22,-1.254,3.9
99,23,1.65929,3.39429
99,24,2.48244,3.08659
99,25,2.63942,1.29596
99,26,4.37073,0.657805
99,27,3.706,0.159143
99,28,1.9087,-1.26152
99,29,2.70417,-3.46854
99,30,3.62977,-2.94955
99,31,5.94917,-0.286042
99,32,7.99234,-1.30596
99,33,9.48071,-2.00595
99,34,10.1984,0.2022
99,35,11.485,0.00452381
99,36,13.0531,1.20714
99,37,13.1546,-0.342391
99,38,11.6919,-3.7031
99,39,9.095,-3.42125
99,40,-0.833043,-1.69804
99,41,-0.488947,-1.95605
99,42,-0.498222,-1.66444
99,43,-2.50333,-0.993333
99,44,0,0
99,45,0,0
99,46,0,0
99,47,0,0
99,48,0,0
99,49,0,0
99,50,0,0
99,51,0,0
99,52,0,0
99,53,0,0
99,54,0,0
99,55,0,0
99,56,0,0
99,57,0,0
99,58,0,0
99,59,0,0
99,60,0,0
99,61,0,0
99,62,0,0
99,63,0,0
99,64,0,0
99,65,0,0
100,20,0,0
100,21,0,0
100,22,-0.548158,3.15921
100,23,0.207083,3.05792
100,24,2.75294,3.12216
100,25,3.57633,2.25694
100,26,6.54712,1.82231
100,27,6.184,-1.83733
100,28,5.08245,-3.06612
100,29,5.00118,-3.01549
100,30,7.99738,-3
100,31,8.49125,-1.44562
100,32,8.36021,-1.4475
100,33,9.82119,-0.0947619
100,34,10.2109,0.21
100,35,11.4896,-0.0225
100,36,10.0521,-2.875
100,37,13.8302,-3.85707
100,38,8.34809,-4.69085
100,39,2.83537,-1.16756
100,40,0.738571,-1.84905
100,41,1.29977,-3.5314
100,42,-1.4941,-1.67718
100,43,-2.61333,-1.00833
100,44,0,0
100,45,0,0
100,46,0,0
100,47,0,0
100,48,0,0
100,49,0,0
100,50,0,0
100,51,0,0
100,52,0,0
100,53,0,0
100,54,0,0
100,55,0,0
100,56,0,0
100,57,0,0
100,58,0,0
100,59,0,0
100,60,0,0
100,61,0,0
100,62,0,0
100,63,0,0
100,64,0,0
100,65,0,0
101,20,0,0
101,21,-1.986,0.02
101,22,-2.36694,0.0883673
101,23,-1.1696,2.8194
101,24,0.804,3.3398
101,25,4.94878,3.5951
101,26,6.43612,3.60714
101,27,3.56982,1.77455
101,28,4.07452,-1.84524
101,29,3.01767,-3.17837
101,30,4.97732,-1.94982
101,31,6.9486,-2.75256
101,32,9.77279,-1.0607
101,33,11.5896,-2.19479
101,34,12.0143,-0.0863636
101,35,10.5027,-1.24364
101,36,9.06043,-0.624783
101,37,11.7167,-3.28769
101,38,6.2937,-2.40522
101,39,3.86295,0.0961364
101,40,2.7885,-1.7975
101,41,0.549,-2.87025
101,42,-4.00122,-0.806585
101,43,-3.96125,-0.6175
101,44,0,0
101,45,0,0
101,46,0,0
101,47,0,0
101,48,0,0
101,49,0,0
101,50,0,0
101,51,0,0
101,52,0,0
101,53,0,0
101,54,0,0
101,55,0,0
101,56,0,0
101,57,0,0
101,58,0,0
101,59,0,0
101,60,0,0
101,61,0,0
101,62,0,0
101,63,0,0
101,64,0,0
101,65,0,0
102,20,0,0
102,21,-3.62,0.63
102,22,-2.74714,-0.0528571
102,23,-0.831111,2.29333
102,24,1.08714,3.77735
102,25,4.29358,4.60396
102,26,4.7031,4.71
102,27,0.949149,1.6417
102,28,1.29473,1.36
102,29,3.80438,-1.57688
102,30,7.31111,-1.63578
102,31,6.02711,-3.58822
102,32,6.49024,0.225952
102,33,8.41288,0.748269
102,34,9.39364,-0.918864
102,35,11.2124,-2.0169
102,36,8.86437,-0.504375
102,37,3.91595,-1.54571
102,38,5.26314,-1.93143
102,39,5.00313,-3.80229
102,40,2.94048,-2.62476
102,41,-0.593333,-1.49708
102,42,-6.10483,-1.55828
102,43,0,0
102,44,0,0
102,45,0,0
102,46,0,0
102,47,0,0
102,48,0,0
102,49,0,0
102,50,0,0
102,51,0,0
102,52,0,0
102,53,0,0
102,54,0,0
102,55,0,0
102,56,0,0
102,57,0,0
102,58,0,0
102,59,0,0
102,60,0,0
102,61,0,0
102,62,0,0
102,63,0,0
102,64,0,0
102,65,0,0
103,20,0,0
103,21,0,0
103,22,0,0
103,23,-0.339565,2.45587
103,24,3.80796,3.74122
103,25,6.43423,2.84308
103,26,6.97283,2.56189
103,27,3.02089,1.93178
103,28,1.76979,0.943333
103,29,-0.192143,1.16738
103,30,-0.199762,0.154524
103,31,5.38887,-2.89264
103,32,10.3763,-2.29714
103,33,10.7979,0.542558
103,34,10.4031,0.6125
103,35,7.99643,-1.11405
103,36,1.52409,-1.7125
103,37,3.93717,-2.21283
103,38,1.66548,-2.20571
103,39,2.688,-3.405
103,40,2.70333,-2.63722
103,41,-0.962619,-1.20119
103,42,-5.935,-1.40731
103,43,0,0
103,44,0,0
103,45,0,0
103,46,0,0
103,47,0,0
103,48,0,0
103,49,0,0
103,50,0,0
103,51,0,0
103,52,0,0
103,53,0,0
103,54,0,0
103,55,0,0
103,56,0,0
103,57,0,0
103,58,0,0
103,59,0,0
103,60,0,0
103,61,0,0
103,62,0,0
103,63,0,0
103,64,0,0
103,65,0,0
104,20,0,0
104,21,0,0
104,22,0,0
104,23,2.2969,2.40857
104,24,3.41837,2.16531
104,25,4.86714,2.49592
104,26,5.21107,1.36214
104,27,2.81755,0.993469
104,28,0.0323214,0.490536
104,29,-1.45633,0.353673
104,30,-1.46796,-0.223469
104,31,-0.323529,0.156863
104,32,3.49071,-0.142619
104,33,7.57786,-1.28595
104,34,8.38917,-2.08917
104,35,2.79976,-0.55
104,36,-1.9881,-0.369048
104,37,1.97229,-3.19438
104,38,3.40881,-3.55048
104,39,2.02729,-2.43354
104,40,1.41098,-2.27951
104,41,-1.43286,-1.85257
104,42,-4.984,-2.21533
104,43,0,0
104,44,0,0
104,45,0,0
104,46,0,0
104,47,0,0
104,48,0,0
104,49,0,0
104,50,0,0
104,51,0,0
104,52,0,0
104,53,0,0
104,54,0,0
104,55,0,0
104,56,0,0
104,57,0,0
104,58,0,0
104,59,0,0
104,60,0,0
104,61,0,0
104,62,0,0
104,63,0,0
104,64,0,0
104,65,0,0
105,20,0,0
105,21,0,0
105,22,0,0
105,23,1.56632,3.04
105,24,0.44,2.30238
105,25,-1.08238,1.97762
105,26,-0.601667,0.995833
105,27,1.45548,1.5881
105,28,-0.327917,0.458958
105,29,-1.64143,-0.887619
105,30,-2.19524,-0.345952
105,31,-1.65312,0.295625
105,32,-0.382143,0.904524
105,33,-0.595714,1.93929
105,34,0.198333,0.889792
105,35,-0.985952,-0.546905
105,36,0.30119,-0.800714
105,37,3.41417,-3.10312
105,38,3.75667,-4.31071
105,39,0.7275,-3.12917
105,40,0.02,-2.575
105,41,-1.46095,-2.29452
105,42,-5.10273,-2.87364
105,43,0,0
105,44,0,0
105,45,0,0
105,46,0,0
105,47,0,0
105,48,0,0
105,49,0,0
105,50,0,0
105,51,0,0
105,52,0,0
105,53,0,0
105,54,0,0
105,55,0,0
105,56,0,0
105,57,0,0
105,58,0,0
105,59,0,0
105,60,0,0
105,61,0,0
105,62,0,0
105,63,0,0
105,64,0,0
105,65,0,0
106,20,0,0
106,21,0,0
106,22,0,0
106,23,0.029,2.27533
106,24,-2.19286,1.22265
106,25,-1.17265,1.72816
106,26,-0.968393,1.90232
106,27,0.475102,2.55673
106,28,-1.30482,2.25357
106,29,-1.00918,-0.0820408
106,30,-2.44319,-0.991489
106,31,-2.24833,-0.353125
106,32,-1.14286,0.325952
106,33,-0.0985714,0.214048
106,34,-0.67375,-0.8925
106,35,0.288571,-1.01857
106,36,3.36024,-3.09214
106,37,4.09771,-4.07646
106,38,3.6069,-3.21429
106,39,2.06292,-2.72042
106,40,-1.20054,-3.48324
106,41,-0.5,-2.83229
106,42,-2.46857,-1.79952
106,43,0,0
106,44,0,0
106,45,0,0
106,46,0,0
106,47,0,0
106,48,0,0
106,49,0,0
106,50,0,0
106,51,0,0
106,52,0,0
106,53,0,0
106,54,0,0
106,55,0,0
106,56,0,0
106,57,0,0
106,58,0,0
106,59,0,0
106,60,0,0
106,61,0,0
106,62,0,0
106,63,0,0
106,64,0,0
106,65,0,0
107,20,0,0
107,21,0,0
107,22,-2.82769,-1.74538
107,23,-1.89694,-0.624898
107,24,-1.85429,0.212857
107,25,-1.47808,1.37596
107,26,-0.646604,1.37321
107,27,-0.293095,2.18167
107,28,-1.43,1.71479
107,29,-0.712619,2.34119
107,30,-2.61273,-0.462955
107,31,-2.69696,-0.279821
107,32,-0.800625,-0.050625
107,33,0.264524,-0.185476
107,34,-0.1,-0.46875
107,35,0.892381,-0.284048
107,36,3.30932,-2.98909
107,37,6.25587,-4.74826
107,38,3.07077,-2.41077
107,39,-0.066,-4.301
107,40,-0.95575,-2.1545
107,41,0.889286,-3.90762
107,42,1.26125,-0.64
107,43,0,0
107,44,0,0
107,45,0,0
107,46,0,0
107,47,0,0
107,48,0,0
107,49,0,0
107,50,0,0
107,51,0,0
107,52,0,0
107,53,0,0
107,54,0,0
107,55,0,0
107,56,0,0
107,57,0,0
107,58,0,0
107,59,0,0
107,60,0,0
107,61,0,0
107,62,0,0
107,63,0,0
107,64,0,0
107,65,0,0
108,20,0,0
108,21,0,0
108,22,-2.13844,-3.75222
108,23,-2.22107,-2.34929
108,24,-2.40204,-1.58408
108,25,-1.14157,-0.209608
108,26,-0.767857,0.342143
108,27,-0.8748,1.106
108,28,-0.825636,1.33036
108,29,-0.498261,1.30413
108,30,-1.05289,0.488667
108,31,-2.51578,-0.497778
108,32,-0.207907,0.58814
108,33,-0.12098,0.11902
108,34,0.287955,-0.495682
108,35,1.34571,-2.6381
108,36,2.84729,-3.67688
108,37,4.67854,-4.25439
108,38,1.93342,-2.69026
108,39,1.32458,-4.29125
108,40,1.11071,-3.01619
108,41,0.754681,-4.71426
108,42,4.49563,-2.48656
108,43,0,0
108,44,0,0
108,45,0,0
108,46,0,0
108,47,0,0
108,48,0,0
108,49,0,0
108,50,0,0
108,51,0,0
108,52,0,0
108,53,0,0
108,54,0,0
108,55,0,0
108,56,0,0
108,57,0,0
108,58,0,0
108,59,0,0
108,60,0,0
108,61,0,0
108,62,0,0
108,63,0,0
108,64,0,0
108,65,0,0
109,18,-2.71,-2.74
109,19,-4.2385,-2.1685
109,20,-4.49,-1.49875
109,21,0,0
109,22,-2.63646,-4.99479
109,23,-2.4578,-3.797
109,24,-1.62104,-3.23917
109,25,-1.52608,-1.83667
109,26,-0.781633,-1.19184
109,27,-0.771852,-0.123889
109,28,-0.0854762,0.806905
109,29,-0.309333,-0.421556
109,30,-0.454,-0.603636
109,31,-1.92405,-0.114524
109,32,1.17,0.777907
109,33,0.1772,-0.6838
109,34,0.962093,-1.55209
109,35,1.24136,-2.50591
109,36,2.24478,-3.57565
109,37,2.47158,-3.98132
109,38,1.8613,-3.91261
109,39,2.15955,-5.06455
109,40,3.77179,-4.65513
109,41,0.600244,-4.86878
109,42,5.21333,-3.70571
109,43,0,0
109,44,0,0
109,45,0,0
109,46,0,0
109,47,0,0
109,48,0,0
109,49,0,0
109,50,0,0
109,51,0,0
109,52,0,0
109,53,0,0
109,54,0,0
109,55,0,0
109,56,0,0
109,57,0,0
109,58,0,0
109,59,0,0
109,60,0,0
109,61,0,0
109,62,0,0
109,63,0,0
109,64,0,0
109,65,0,0
110,18,-2.57667,-5.23667
110,19,-1.12082,-3.99633
110,20,-3.14722,-3.42667
110,21,-2.32484,-4.28065
110,22,-2.50868,-4.52208
110,23,-3.24878,-3.40245
110,24,-1.89154,-2.3
110,25,-2.30816,-2.41327
110,26,-1.2968,-1.0868
110,27,-1.08587,-0.362609
110,28,-0.00897959,0.0781633
110,29,0.6594,-1.4808
110,30,-0.275814,-1.26884
110,31,0.323542,-0.428333
110,32,0.511667,0.5775
110,33,1.42714,-0.674286
110,34,3.00614,-3.14795
110,35,0.839792,-2.80417
110,36,2.18357,-5.05357
110,37,0.952619,-4.79381
110,38,1.3834,-5.00957
110,39,2.61175,-5.1545
110,40,4.68209,-4.2914
110,41,2.8814,-6.37558
110,42,6.83421,-2.20263
110,43,7.39,-1.76
110,44,0,0
110,45,0,0
110,46,0,0
110,47,0,0
110,48,0,0
110,49,0,0
110,50,0,0
110,51,0,0
110,52,0,0
110,53,0,0
110,54,0,0
110,55,0,0
110,56,0,0
110,57,0,0
110,58,0,0
110,59,0,0
110,60,0,0
110,61,0,0
110,62,0,0
110,63,0,0
110,64,0,0
110,65,0,0
111,19,-1.118,-5.326
111,20,-3.38182,-5.19545
111,21,-2.15875,-3.6925
111,22,-2.79163,-3.27388
111,23,-3.22423,-2.19212
111,24,-1.7482,-3.3206
111,25,-1.7951,-2.5251
111,26,-1.61592,-1.21347
111,27,-0.84551,0.0973469
111,28,0.494043,0.681489
111,29,1.88796,-1.07265
111,30,1.94837,-2.51488
111,31,1.38306,-1.87878
111,32,1.59109,0.404565
111,33,1.27976,-0.420476
111,34,2.864,-4.1642
111,35,1.81786,-4.925
111,36,2.30756,-5.22244
111,37,2.83511,-5.45383
111,38,1.58333,-5.25024
111,39,1.34125,-4.011
111,40,6.03391,-3.27478
111,41,5.25973,-6.12378
111,42,7.44696,-1.35652
111,43,6.30167,-1.89233
111,44,0,0
111,45,0,0
111,46,0,0
111,47,0,0
111,48,0,0
111,49,0,0
111,50,0,0
111,51,0,0
111,52,0,0
111,53,0,0
111,54,0,0
111,55,0,0
111,56,0,0
111,57,0,0
111,58,0,0
111,59,0,0
111,60,0,0
111,61,0,0
111,62,0,0
111,63,0,0
111,64,0,0
111,65,0,0
112,20,0,0
112,21,0,0
112,22,-2.07071,-5.54167
112,23,-2.48592,-2.98694
112,24,-1.45189,-2.3717
112,25,-1.48729,-2.2
112,26,-1.016,-1.1218
112,27,-0.5675,-0.206458
112,28,0.2774,1.2868
112,29,1.28372,0.666977
112,30,1.54094,-0.461887
112,31,0.210476,-2.07548
112,32,0.182826,-1.26217
112,33,-0.561489,-2.07702
112,34,3.025,-2.85909
112,35,3.59,-3.6407
112,36,3.97489,-4.20106
112,37,3.05286,-3.00786
112,38,6.51524,-5.02381
112,39,7.36822,-4.56356
112,40,6.01923,-3.48154
112,41,5.25778,-4.99356
112,42,8.34744,-2.15205
112,43,6.87829,-1.36976
112,44,5.10645,-4.51935
112,45,4.997,-3.81
112,46,0,0
112,47,0,0
112,48,0,0
112,49,0,0
112,50,0,0
112,51,0,0
112,52,0,0
112,53,0,0
112,54,0,0
112,55,0,0
112,56,0,0
112,57,0,0
112,58,0,0
112,59,0,0
112,60,0,0
112,61,0,0
112,62,0,0
112,63,0,0
112,64,0,0
112,65,0,0
113,20,0,0
113,21,0,0
113,22,-1.32464,-6.18179
113,23,-1.23269,-5.01827
113,24,-1.84694,-4.43755
113,25,-1.179,-1.8736
113,26,-0.127551,-1.29776
113,27,-0.811429,-0.970816
113,28,-0.457826,0.773043
113,29,-0.194118,2.63627
113,30,1.25581,2.13814
113,31,-0.000816327,-0.0202041
113,32,-0.951277,-1.02383
113,33,-1.26465,-2.64651
113,34,1.26311,-4.084
113,35,0.704783,-2.49783
113,36,4.6339,-4.21195
113,37,6.05067,-5.34578
113,38,6.0986,-3.77558
113,39,6.39405,-7.30262
113,40,5.94095,-4.54429
113,41,7.09119,-6.69976
113,42,7.76561,-2.33659
113,43,7.15585,-2.57073
113,44,4.99881,-3.96667
113,45,5.47286,-4.30214
113,46,0,0
113,47,0,0
113,48,0,0
113,49,0,0
113,50,0,0
113,51,0,0
113,52,0,0
113,53,0,0
113,54,0,0
113,55,0,0
113,56,0,0
113,57,0,0
113,58,0,0
113,59,0,0
113,60,0,0
113,61,0,0
113,62,0,0
113,63,0,0
113,64,0,0
113,65,0,0
114,20,0,0
114,21,0,0
114,22,-1.96667,-5.90333
114,23,-2.34,-4.65652
114,24,-2.49588,-3.88863
114,25,-2.49118,-2.99235
114,26,-0.945625,-1.11167
114,27,-2.01551,-0.087551
114,28,-1.7251,0.118367
114,29,0.0302222,1.10022
114,30,1.1951,1.63694
114,31,0.47,0.449348
114,32,0.498837,-1.08093
114,33,1.44542,-3.08729
114,34,0.120222,-3.74267
114,35,-1.35628,-3.3693
114,36,3.08156,-5.816
114,37,5.61773,-6.07523
114,38,7.15439,-5.40829
114,39,7.63953,-8.57605
114,40,6.66605,-4.88581
114,41,7.47225,-6.6295
114,42,8.48429,-4.42976
114,43,6.95195,-1.44317
114,44,5.374,-3.505
114,45,5.46053,-6.42474
114,46,0,0
114,47,0,0
114,48,0,0
114,49,0,0
114,50,0,0
114,51,0,0
114,52,0,0
114,53,0,0
114,54,0,0
114,55,0,0
114,56,0,0
114,57,0,0
114,58,0,0
114,59,0,0
114,60,0,0
114,61,0,0
114,62,0,0
114,63,0,0
114,64,0,0
114,65,0,0
115,20,0,0
115,21,0,0
115,22,0,0
115,23,-1.69738,-4.54167
115,24,-1.51104,-4.38938
115,25,-0.235714,-3.70102
115,26,-0.218824,-2.96549
115,27,-0.753958,-1.59083
115,28,-0.639787,-0.458723
115,29,0.273125,0.532917
115,30,0.243478,0.431957
115,31,-0.995745,0.580851
115,32,1.65638,0.85
115,33,1.49023,-2.62659
115,34,0.306667,-4.102
115,35,-0.466957,-4.94391
115,36,0.564286,-6.72667
115,37,2.32279,-7.43744
115,38,3.79239,-6.73957
115,39,4.512,-6.26225
115,40,8.59167,-6.66595
115,41,6.85818,-7.06795
115,42,8.03375,-4.9625
115,43,7.2955,-1.0055
115,44,5.92231,-3.3641
115,45,6.29703,-6.12135
115,46,0,0
115,47,0,0
115,48,0,0
115,49,0,0
115,50,0,0
115,51,0,0
115,52,0,0
115,53,0,0
115,54,0,0
115,55,0,0
115,56,0,0
115,57,0,0
115,58,0,0
115,59,0,0
115,60,0,0
115,61,0,0
115,62,0,0
115,63,0,0
115,64,0,0
115,65,0,0
116,20,0,0
116,21,0,0
116,22,0,0
116,23,-2.20533,-5.03267
116,24,-1.03167,-2.81426
116,25,-0.589574,-2.56957
116,26,-1.1868,-2.5018
116,27,-1.54979,-1.76292
116,28,-0.931875,-0.683125
116,29,0.596,0.7452
116,30,1.22149,-0.565745
116,31,2.92659,-0.797273
116,32,4.29894,-0.00574468
116,33,2.44133,-2.20178
116,34,1.20837,-4.23023
116,35,1.02044,-5.40778
116,36,1.86156,-5.816
116,37,1.78762,-5.40286
116,38,0.264048,-5.25405
116,39,0.221739,-6.11196
116,40,6.50103,-6.51846
116,41,7.62238,-8.39024
116,42,8.51786,-5.11881
116,43,7.61171,-2.9978
116,44,6.12884,-2.4
116,45,4.49889,-4.50417
116,46,5.91,-6.316
116,47,0,0
116,48,5.60304,-5.67087
116,49,5.11143,-7.20286
116,50,0,0
116,51,0,0
116,52,0,0
116,53,0,0
116,54,0,0
116,55,0,0
116,56,0,0
116,57,0,0
116,58,0,0
116,59,0,0
116,60,0,0
116,61,0,0
116,62,0,0
116,63,0,0
116,64,0,0
116,65,0,0
117,20,0,0
117,21,0,0
117,22,0,0
117,23,-3.66857,-5.65571
117,24,-3.51302,-4.11698
117,25,-2.22462,-0.789615
117,26,-1.84041,-0.759388
117,27,-1.67265,-0.877959
117,28,-1.27917,-1.16458
117,29,-0.808667,0.0155556
117,30,1.04833,1.16063
117,31,3.18208,0.645833
117,32,3.1825,-1.62386
117,33,3.56717,-2.31891
117,34,2.74152,-3.66826
117,35,2.51786,-5.21
117,36,2.99045,-4.93295
117,37,2.65386,-4.79705
117,38,1.7581,-6.34095
117,39,2.03683,-7.4978
117,40,2.77457,-7.26891
117,41,2.58675,-7.34125
117,42,8.1278,-8.0039
117,43,7.8622,-4.61976
117,44,7.50205,-4.27
117,45,5.9381,-3.86357
117,46,6.60879,-5.49364
117,47,0,0
117,48,5.97,-4.69111
117,49,4.11789,-6.97289
117,50,4.3025,-5.11875
117,51,0,0
117,52,0,0
117,53,0,0
117,54,0,0
117,55,0,0
117,56,0,0
117,57,0,0
117,58,0,0
117,59,0,0
117,60,0,0
117,61,0,0
117,62,0,0
117,63,0,0
117,64,0,0
117,65,0,0
118,20,0,0
118,21,0,0
118,22,0,0
118,23,0,0
118,24,-1.958,-5.38
118,25,-2.62813,-3.32312
118,26,-2.27204,-0.276735
118,27,-1.06396,-1.04229
118,28,-0.575,-0.727708
118,29,0.150208,-0.982708
118,30,2.63,0.532391
118,31,4.10255,1.47638
118,32,3.79813,-0.656042
118,33,4.28349,-1.56814
118,34,3.92956,-2.99733
118,35,4.09244,-4.23889
118,36,4.82581,-4.3093
118,37,5.61364,-3.53818
118,38,5.41129,-6.17516
118,39,3.44944,-7.24389
118,40,2.69366,-7.01634
118,41,4.93405,-7.39
118,42,5.90125,-6.00225
118,43,10.4288,-5.52524
118,44,9.64171,-7.51732
118,45,7.48725,-3.7
118,46,7.06625,-4.727
118,47,7.6,-4.09333
118,48,1.50579,-0.736842
118,49,0.88641,-3.41897
118,50,2.305,-4.655
118,51,0,0
118,52,0,0
118,53,0,0
118,54,0,0
118,55,0,0
118,56,0,0
118,57,0,0
118,58,0,0
118,59,0,0
118,60,0,0
118,61,0,0
118,62,0,0
118,63,0,0
118,64,0,0
118,65,0,0
119,20,0,0
119,21,0,0
119,22,0,0
119,23,0,0
119,24,0,0
119,25,-3.0405,-6.8865
119,26,-1.95638,-2.75936
119,27,-1.03959,0.200408
119,28,-0.635833,-0.440625
119,29,1.05917,0.0595833
119,30,2.77913,-0.168261
119,31,4.34022,0.91
119,32,4.52283,-0.0782609
119,33,4.90333,-1.21933
119,34,4.535,-2.45045
119,35,5.22923,-3.84128
119,36,6.19822,-3.91689
119,37,7.28824,-3.16118
119,38,6.27444,-5.44333
119,39,2.928,-6.766
119,40,1.44385,-6.52179
119,41,1.98767,-6.01698
119,42,5.55,-7.08643
119,43,9.19769,-7.37179
119,44,9.3869,-8.17548
119,45,9.56632,-5.495
119,46,7.23762,-4.95238
119,47,5.68,-3.54857
119,48,2.48062,-1.09281
119,49,3.34649,-4.10784
119,50,2.31,-5.50917
119,51,0.915,-7.935
119,52,0,0
119,53,0,0
119,54,0,0
119,55,0,0
119,56,0,0
119,57,0,0
119,58,0,0
119,59,0,0
119,60,0,0
119,61,0,0
119,62,0,0
119,63,0,0
119,64,0,0
119,65,0,0
120,20,0,0
120,21,0,0
120,22,0,0
120,23,0.768125,-5.4225
120,24,-0.647143,-4.15714
120,25,-4.695,-7.145
120,26,-1.64111,-6.20333
120,27,-0.669697,-2.26121
120,28,0.548542,-0.640417
120,29,1.06771,0.0279167
120,30,2.49191,1.14149
120,31,5.06022,-0.131957
120,32,5.64674,-0.0963043
120,33,5.6763,-0.346957
120,34,6.08256,-1.39487
120,35,6.86,-3.1
120,36,7.30867,-3.57
120,37,7.47556,-2.62056
120,38,6.325,-5.395
120,39,0,0
120,40,1.99118,-8.28176
120,41,3.67585,-7.76293
120,42,6.47167,-8.85619
120,43,8.0815,-6.49275
120,44,7.29675,-7.07425
120,45,10.3557,-8.29571
120,46,9.51821,-7.01179
120,47,7.06125,-5.55156
120,48,4.51368,-0.372105
120,49,4.04692,-1.3959
120,50,2.95821,-5.31103
120,51,0.532188,-6.78844
120,52,0.313333,-5.99
120,53,1.965,-4.625
120,54,0,0
120,55,0,0
120,56,0,0
120,57,0,0
120,58,0,0
120,59,0,0
120,60,0,0
120,61,0,0
120,62,0,0
120,63,0,0
120,64,0,0
120,65,0,0
121,20,0,0
121,21,0,0
121,22,-7.43,-6.46333
121,23,-0.593659,-1.87195
121,24,0.85449,1.00061
121,25,-3.43833,0.171667
121,26,0,0
121,27,1.31,-3.22
121,28,1.02115,-2.46962
121,29,2.4963,-0.47087
121,30,3.09487,1.32154
121,31,5.07103,-0.171538
121,32,6.22026,0.100513
121,33,6.4725,0.253125
121,34,7.64,-0.83
121,35,0,0
121,36,7.91333,-2.72333
121,37,6.38526,-1.87026
121,38,5.757,-4.369
121,39,3.04,-8.856
121,40,1.59,-10.445
121,41,3.53935,-8.03129
121,42,6.58976,-8.15738
121,43,6.90829,-5.76268
121,44,6.09275,-5.894
121,45,8.142,-8.13
121,46,7.45769,-6.41154
121,47,6.964,-6.729
121,48,8.29462,-4.58949
121,49,5.85846,-0.29359
121,50,3.02763,-4.93079
121,51,1.01162,-6.85081
121,52,2.30824,-4.71382
121,53,1.89786,-5.45143
121,54,0,0
121,55,0,0
121,56,0,0
121,57,0,0
121,58,0,0
121,59,0,0
121,60,0,0
121,61,0,0
121,62,0,0
121,63,0,0
121,64,0,0
121,65,0,0
122,20,0,0
122,21,0,0
122,22,0,0
122,23,0,0
122,24,-1.80571,-1.40857
122,25,-3.74714,-0.704286
122,26,0,0
122,27,0,0
122,28,2.305,-2.01
122,29,2.088,-1.401
122,30,3.38353,-0.731176
122,31,5.53,-0.05375
122,32,6.79714,0.28
122,33,0,0
122,34,0,0
122,35,0,0
122,36,0,0
122,37,7.06174,-1.43348
122,38,0,0
122,39,1.06833,-6.60417
122,40,-0.0959259,-7.90074
122,41,1.75065,-5.97097
122,42,4.41512,-6.22
122,43,6.3031,-5.23667
122,44,5.62317,-5.04756
122,45,4.41625,-5.35825
122,46,4.04825,-5.89375
122,47,5.068,-6.5715
122,48,7.34077,-6.84205
122,49,7.64385,-4.64615
122,50,3.95526,-5.57763
122,51,2.48769,-7.74692
122,52,1.69919,-5.28622
122,53,3.76029,-4.64029
122,54,0,0
122,55,0,0
122,56,0,0
122,57,0,0
122,58,0,0
122,59,0,0
122,60,0,0
122,61,0,0
122,62,0,0
122,63,0,0
122,64,0,0
122,65,0,0
123,20,0,0
123,21,0,0
123,22,0,0
123,23,0,0
123,24,0,0
123,25,0,0
123,26,0,0
123,27,0,0
123,28,0,0
123,29,0,0
123,30,0,0
123,31,0,0
123,32,0,0
123,33,0,0
123,34,0,0
123,35,0,0
123,36,0,0
123,37,7.6,-1.685
123,38,0,0
123,39,5.1,-8.48
123,40,2.54028,-7.4075
123,41,1.81857,-4.82571
123,42,2.6255,-3.98675
123,43,4.69122,-3.82
123,44,4.8515,-2.58375
123,45,2.745,-2.8595
123,46,2.76175,-4.59525
123,47,3.72103,-5.68538
123,48,5.36333,-6.38667
123,49,5.10564,-5.91923
123,50,3.695,-6.62105
123,51,2.38744,-8.15051
123,52,3.76946,-6.95189
123,53,4.47947,-4.75921
123,54,2.99,-5.34
123,55,0,0
123,56,0,0
123,57,0,0
123,58,0,0
123,59,0,0
123,60,0,0
123,61,0,0
123,62,0,0
123,63,0,0
123,64,0,0
123,65,0,0
124,20,0,0
124,21,0,0
124,22,0,0
124,23,0,0
124,24,0,0
124,25,0,0
124,26,0,0
124,27,0,0
124,28,0,0
124,29,0,0
124,30,0,0
124,31,0,0
124,32,0,0
124,33,0,0
124,34,0,0
124,35,0,0
124,36,0,0
124,37,0,0
124,38,0,0
124,39,0,0
124,40,2.10423,-6.54346
124,41,2.9261,-4.50927
124,42,1.59119,-1.75214
124,43,2.29195,-1.52488
124,44,3.1475,-0.64925
124,45,2.55537,-1.73317
124,46,3.8605,-3.26775
124,47,3.22333,-4.03308
124,48,3.38564,-4.50256
124,49,3.14763,-6.35579
124,50,2.49325,-6.725
124,51,1.91194,-8.68361
124,52,4.99154,-6.70897
124,53,5.83943,-5.16114
124,54,0,0
124,55,0,0
124,56,0,0
124,57,0,0
124,58,0,0
124,59,0,0
124,60,0,0
124,61,0,0
124,62,0,0
124,63,0,0
124,64,0,0
124,65,0,0
125,20,0,0
125,21,0,0
125,22,0,0
125,23,0,0
125,24,0,0
125,25,0,0
125,26,0,0
125,27,0,0
125,28,0,0
125,29,0,0
125,30,0,0
125,31,0,0
125,32,0,0
125,33,0,0
125,34,0,0
125,35,0,0
125,36,0,0
125,37,0,0
125,38,0,0
125,39,0,0
125,40,0.7,-5.715
125,41,1.92769,-3.64436
125,42,3.04195,-0.315366
125,43,3.14707,-0.284146
125,44,2.9,0.143415
125,45,2.72333,-0.221538
125,46,1.565,-0.14075
125,47,1.92974,-1.56179
125,48,2.65875,-2.5815
125,49,2.74462,-5.55256
125,50,1.44526,-6.60289
125,51,1.99,-8.81184
125,52,5.44027,-6.96189
125,53,6.4456,-4.8952
125,54,0,0
125,55,0,0
125,56,0,0
125,57,0,0
125,58,0,0
125,59,0,0
125,60,0,0
125,61,0,0
125,62,0,0
125,63,0,0
125,64,0,0
125,65,0,0
126,20,0,0
126,21,0,0
126,22,0,0
126,23,0,0
126,24,0,0
126,25,0,0
126,26,0,0
126,27,0,0
126,28,0,0
126,29,0,0
126,30,0,0
126,31,0,0
126,32,0,0
126,33,0,0
126,34,0,0
126,35,0,0
126,36,0,0
126,37,0,0
126,38,0,0
126,39,0,0
126,40,0,0
126,41,1.2,-2.65429
126,42,2.47535,0.536047
126,43,2.51325,0.354
126,44,2.489,0.76625
126,45,2.35923,0.258974
126,46,1.88756,0.152195
126,47,3.00325,-0.883
126,48,3.51205,-1.7859
126,49,2.78895,-4.27842
126,50,1.40946,-6.41081
126,51,2.49487,-8.05128
126,52,5.13054,-7.29351
126,53,5.419,-6.197
126,54,0,0
126,55,0,0
126,56,0,0
126,57,0,0
126,58,0,0
126,59,0,0
126,60,0,0
126,61,0,0
126,62,0,0
126,63,0,0
126,64,0,0
126,65,0,0
127,20,0,0
127,21,0,0
127,22,0,0
127,23,0,0
127,24,0,0
127,25,0,0
127,26,0,0
127,27,0,0
127,28,0,0
127,29,0,0
127,30,0,0
127,31,0,0
127,32,0,0
127,33,0,0
127,34,0,0
127,35,0,0
127,36,0,0
127,37,0,0
127,38,0,0
127,39,0,0
127,40,0,0
127,41,0,0
127,42,2.01361,1.95806
127,43,2.65732,1.87902
127,44,2.017,1.57075
127,45,1.90881,1.08524
127,46,2.18205,0.907436
127,47,1.916,0.1825
127,48,1.66553,-0.0397368
127,49,2.58949,-2.28436
127,50,3.50158,-5.73368
127,51,4.36864,-7.50773
127,52,5.23667,-7.12667
127,53,0,0
127,54,0,0
127,55,0,0
127,56,0,0
127,57,0,0
127,58,0,0
127,59,0,0
127,60,0,0
127,61,0,0
127,62,0,0
127,63,0,0
127,64,0,0
127,65,0,0
128,20,0,0
128,21,0,0
128,22,0,0
128,23,0,0
128,24,0,0
128,25,0,0
128,26,0,0
128,27,0,0
128,28,0,0
128,29,0,0
128,30,0,0
128,31,0,0
128,32,0,0
128,33,0,0
128,34,0,0
128,35,0,0
128,36,0,0
128,37,0,0
128,38,0,0
128,39,0,0
128,40,0,0
128,41,1.31,0.616667
128,42,2.98853,3.22971
128,43,3.901,1.983
128,44,2.8661,1.22585
128,45,2.80425,2.26375
128,46,2.90205,0.0951282
128,47,1.4735,0.99325
128,48,3.55231,1.18667
128,49,4.73385,0.034359
128,50,4.34,-2.278
128,51,0,0
128,52,0,0
128,53,0,0
128,54,0,0
128,55,0,0
128,56,0,0
128,57,0,0
128,58,0,0
128,59,0,0
128,60,0,0
128,61,0,0
128,62,0,0
128,63,0,0
128,64,0,0
128,65,0,0
129,20,0,0
129,21,0,0
129,22,0,0
129,23,0,0
129,24,0,0
129,25,0,0
129,26,0,0
129,27,0,0
129,28,0,0
129,29,0,0
129,30,0,0
129,31,0,0
129,32,0,0
129,33,0,0
129,34,0,0
129,35,0,0
129,36,0,0
129,37,0,0
129,38,0,0
129,39,0,0
129,40,0,0
129,41,0,0
129,42,4.55083,0.7925
129,43,4.41073,0.569512
129,44,3.27341,1.89366
129,45,3.95925,0.44325
129,46,4.55795,2.01179
129,47,5.651,0.1615
129,48,4.31692,0.556667
129,49,6.17865,1.28649
129,50,4.88,-2.36
129,51,0,0
129,52,0,0
129,53,0,0
129,54,0,0
129,55,0,0
129,56,0,0
129,57,0,0
129,58,0,0
129,59,0,0
129,60,0,0
129,61,0,0
129,62,0,0
129,63,0,0
129,64,0,0
129,65,0,0
130,20,0,0
130,21,0,0
130,22,0,0
130,23,0,0
130,24,0,0
130,25,0,0
130,26,0,0
130,27,0,0
130,28,0,0
130,29,0,0
130,30,0,0
130,31,0,0
130,32,0,0
130,33,0,0
130,34,0,0
130,35,0,0
130,36,0,0
130,37,0,0
130,38,0,0
130,39,0,0
130,40,0,0
130,41,0,0
130,42,0,0
130,43,3.72727,-0.790606
130,44,3.6861,1.05488
130,45,3.39538,1.29744
130,46,5.8678,2.4422
130,47,5.71744,1.2241
130,48,6.79316,0.0381579
130,49,6.18857,1.37619
130,50,0,0
130,51,0,0
130,52,0,0
130,53,0,0
130,54,0,0
130,55,0,0
130,56,0,0
130,57,0,0
130,58,0,0
130,59,0,0
130,60,0,0
130,61,0,0
130,62,0,0
130,63,0,0
130,64,0,0
130,65,0,0
131,20,0,0
131,21,0,0
131,22,0,0
131,23,0,0
131,24,0,0
131,25,0,0
131,26,0,0
131,27,0,0
131,28,0,0
131,29,0,0
131,30,0,0
131,31,0,0
131,32,0,0
131,33,0,0
131,34,0,0
131,35,0,0
131,36,0,0
131,37,0,0
131,38,0,0
131,39,0,0
131,40,0,0
131,41,0,0
131,42,4.09,-4.22
131,43,3.8145,-1.283
131,44,3.98,0.0665517
131,45,4.61515,1.40485
131,46,5.9,0.89175
131,47,6.02675,3.88125
131,48,5.90778,-0.395
131,49,0,0
131,50,0,0
131,51,0,0
131,52,0,0
131,53,0,0
131,54,0,0
131,55,0,0
131,56,0,0
131,57,0,0
131,58,0,0
131,59,0,0
131,60,0,0
131,61,0,0
131,62,0,0
131,63,0,0
131,64,0,0
131,65,0,0
132,20,0,0
132,21,0,0
132,22,0,0
132,23,0,0
132,24,0,0
132,25,0,0
132,26,0,0
132,27,0,0
132,28,0,0
132,29,0,0
132,30,0,0
132,31,0,0
132,32,0,0
132,33,0,0
132,34,0,0
132,35,0,0
132,36,0,0
132,37,0,0
132,38,0,0
132,39,0,0
132,40,0,0
132,41,0,0
132,42,0,0
132,43,0,0
132,44,0,0
132,45,4.97,-0.574545
132,46,6.40342,0.727632
132,47,6.65195,2.46366
132,48,7.12857,2.8
132,49,0,0
132,50,0,0
132,51,0,0
132,52,0,0
132,53,0,0
132,54,0,0
132,55,0,0
132,56,0,0
132,57,0,0
132,58,0,0
132,59,0,0
132,60,0,0
132,61,0,0
132,62,0,0
132,63,0,0
132,64,0,0
132,65,0,0
133,20,0,0
133,21,0,0
133,22,0,0
133,23,0,0
133,24,0,0
133,25,0,0
133,26,0,0
133,27,0,0
133,28,0,0
133,29,0,0
133,30,0,0
133,31,0,0
133,32,0,0
133,33,0,0
133,34,0,0
133,35,0,0
133,36,0,0
133,37,0,0
133,38,0,0
133,39,0,0
133,40,0,0
133,41,0,0
133,42,0,0
133,43,0,0
133,44,0,0
133,45,3.495,-2.132
133,46,5.14,1.37692
133,47,5.34462,3.45462
133,48,6.03316,4.20421
133,49,0,0
133,50,0,0
133,51,0,0
133,52,0,0
133,53,0,0
133,54,0,0
133,55,0,0
133,56,0,0
133,57,0,0
133,58,0,0
133,59,0,0
133,60,0,0
133,61,0,0
133,62,0,0
133,63,0,0
133,64,0,0
133,65,0,0
134,20,0,0
134,21,0,0
134,22,0,0
134,23,0,0
134,24,0,0
134,25,0,0
134,26,0,0
134,27,0,0
134,28,0,0
134,29,0,0
134,30,0,0
134,31,0,0
134,32,0,0
134,33,0,0
134,34,0,0
134,35,0,0
134,36,0,0
134,37,0,0
134,38,0,0
134,39,0,0
134,40,0,0
134,41,0,0
134,42,0,0
134,43,0,0
134,44,0,0
134,45,0,0
134,46,4.86125,2.08625
134,47,5.52875,3.59667
134,48,4.605,5.32433
134,49,0,0
134,50,0,0
134,51,0,0
134,52,0,0
134,53,0,0
134,54,0,0
134,55,0,0
134,56,0,0
134,57,0,0
134,58,0,0
134,59,0,0
134,60,0,0
134,61,0,0
134,62,0,0
134,63,0,0
134,64,0,0
134,65,0,0
135,20,0,0
135,21,0,0
135,22,0,0
135,23,0,0
135,24,0,0
135,25,0,0
135,26,0,0
135,27,0,0
135,28,0,0
135,29,0,0
135,30,0,0
135,31,0,0
135,32,0,0
135,33,0,0
135,34,0,0
135,35,0,0
135,36,0,0
135,37,0,0
135,38,0,0
135,39,0,0
135,40,0,0
135,41,0,0
135,42,0,0
135,43,0,0
135,44,0,0
135,45,0,0
135,46,0,0
135,47,0,0
135,48,3.84143,6.04429
135,49,0,0
135,50,0,0
135,51,0,0
135,52,0,0
135,53,0,0
135,54,0,0
135,55,0,0
135,56,0,0
135,57,0,0
135,58,0,0
135,59,0,0
135,60,0,0
135,61,0,0
135,62,0,0
135,63,0,0
135,64,0,0
135,65,0,0
136,20,0,0
136,21,0,0
136,22,0,0
136,23,0,0
136,24,0,0
136,25,0,0
136,26,0,0
136,27,0,0
136,28,0,0
136,29,0,0
136,30,0,0
136,31,0,0
136,32,0,0
136,33,0,0
136,34,0,0
136,35,0,0
136,36,0,0
136,37,0,0
136,38,0,0
136,39,0,0
136,40,0,0
136,41,0,0
136,42,0,0
136,43,0,0
136,44,0,0
136,45,0,0
136,46,0,0
136,47,0,0
136,48,0,0
136,49,0,0
136,50,0,0
136,51,0,0
136,52,0,0
136,53,0,0
136,54,0,0
136,55,0,0
136,56,0,0
136,57,0,0
136,58,0,0
136,59,0,0
136,60,0,0
136,61,0,0
136,62,0,0
136,63,0,0
136,64,0,0
136,65,0,0
137,20,0,0
137,21,0,0
137,22,0,0
137,23,0,0
137,24,0,0
137,25,0,0
137,26,0,0
137,27,0,0
137,28,0,0
137,29,0,0
137,30,0,0
137,31,0,0
137,32,0,0
137,33,0,0
137,34,0,0
137,35,0,0
137,36,0,0
137,37,0,0
137,38,0,0
137,39,0,0
137,40,0,0
137,41,0,0
137,42,0,0
137,43,0,0
137,44,0,0
137,45,0,0
137,46,0,0
137,47,0,0
137,48,0,0
137,49,0,0
137,50,0,0
137,51,0,0
137,52,0,0
137,53,0,0
137,54,0,0
137,55,0,0
137,56,0,0
137,57,0,0
137,58,0,0
137,59,0,0
137,60,0,0
137,61,0,0
137,62,0,0
137,63,0,0
137,64,0,0
137,65,0,0
138,20,0,0
138,21,0,0
138,22,0,0
138,23,0,0
138,24,0,0
138,25,0,0
138,26,0,0
138,27,0,0
138,28,0,0
138,29,0,0
138,30,0,0
138,31,0,0
138,32,0,0
138,33,0,0
138,34,0,0
138,35,0,0
138,36,0,0
138,37,0,0
138,38,0,0
138,39,0,0
138,40,0,0
138,41,0,0
138,42,0,0
138,43,0,0
138,44,0,0
138,45,0,0
138,46,0,0
138,47,0,0
138,48,0,0
138,49,0,0
138,50,0,0
138,51,0,0
138,52,0,0
138,53,0,0
138,54,0,0
138,55,0,0
138,56,0,0
138,57,0,0
138,58,0,0
138,59,0,0
138,60,0,0
138,61,0,0
138,62,0,0
138,63,0,0
138,64,0,0
138,65,0,0
139,20,0,0
139,21,0,0
139,22,0,0
139,23,0,0
139,24,0,0
139,25,0,0
139,26,0,0
139,27,0,0
139,28,0,0
139,29,0,0
139,30,0,0
139,31,0,0
139,32,0,0
139,33,0,0
139,34,0,0
139,35,0,0
139,36,0,0
139,37,0,0
139,38,0,0
139,39,0,0
139,40,0,0
139,41,0,0
139,42,0,0
139,43,0,0
139,44,0,0
139,45,0,0
139,46,0,0
139,47,0,0
139,48,0,0
139,49,0,0
139,50,0,0
139,51,0,0
139,52,0,0
139,53,0,0
139,54,0,0
139,55,0,0
139,56,0,0
139,57,0,0
139,58,0,0
139,59,0,0
139,60,0,0
139,61,0,0
139,62,0,0
139,63,0,0
139,64,0,0
139,65,0,0
140,20,0,0
140,21,0,0
140,22,0,0
140,23,0,0
140,24,0,0
140,25,0,0
140,26,0,0
140,27,0,0
140,28,0,0
140,29,0,0
140,30,0,0
140,31,0,0
140,32,0,0
140,33,0,0
140,34,0,0
140,35,0,0
140,36,0,0
140,37,0,0
140,38,0,0
140,39,0,0
140,40,0,0
140,41,0,0
140,42,0,0
140,43,0,0
140,44,0,0
140,45,0,0
140,46,0,0
140,47,0,0
140,48,0,0
140,49,0,0
140,50,0,0
140,51,0,0
140,52,0,0
140,53,0,0
140,54,0,0
140,55,0,0
140,56,0,0
140,57,0,0
140,58,0,0
140,59,0,0
140,60,0,0
140,61,0,0
140,62,0,0
140,63,0,0
140,64,0,0
140,65,0,0
